标准号,链接,标准名称,发布日期,实施日期,来源单位,状态,适用范围
GJB 4429-2002,https://www.rongrong.cn/good/86619.html,军用雷达术语,2003-02-08,2003-05-01,中国航空综合技术研究所,有效,"本标准规定了军用雷达常用术语及其定义。
本标准适用于各类军用雷达，包括军用地面、机载、舰载、弹载和航天器载等雷达。其他雷达亦可参照使用。
					"
GJB 889,https://www.rongrong.cn/good/94505.html,雷达接收分系统测试方法（系列）, , ,中国航空综合技术研究所,有效,"雷达接收分系统测试方法（系列）
					"
GJB 9406-2018,https://www.rongrong.cn/good/196161.html,系留气球载雷达系统球载雷达通用规范,2018-03-27,2018-08-01,中国航空综合技术研究所,有效,"本规范规定了系留气球载雷达系统球载雷达的通用要求、质量保证规定和交货准备等。
本规范适用于系留气球载雷达系统球载警戒、引导雷达的研制、生产和检验。
					"
GJB 2944A-2019,https://www.rongrong.cn/good/543411.html,雷达有源干扰效果评定准则,2019-12-08,2020-01-01,中国航空综合技术研究所,有效,"本标准规定了雷达有源干扰设备对雷达实施干扰的效果评定准则，包括评定指标体系、评定方法和评定步骤。
本标准适用于雷达有源干扰设备(以下简称干扰设备)在研制、生产、检验和使用时对雷达干扰效果的评定，不适用于SAR/ISAR 雷达、组网雷达的干扰效果评定。
					"
GJB 2137.2-1994,https://www.rongrong.cn/good/97477.html,机载雷达通用要求 术语,1994-12-13,1995-07-01,中国航空综合技术研究所,废止,"本标准规定了机载雷达常用术语的定义。
本标准适用于机载雷达。
					"
GJB 2944-1997,https://www.rongrong.cn/good/89057.html,雷达有源干扰效果评定准则,1997-06-25,1997-12-01,中国航空综合技术研究所,有效,"本标准规定了雷达干扰机对雷达进行干扰试验的一般要求、试验方法和相应的干扰效果评定准则。本标准适用于各种雷达干扰机（以下简称干扰机）在研制、生产、鉴定、定型时对雷达干扰效果的评定。
					"
GJB 267-1987,https://www.rongrong.cn/good/89253.html,机载雷达设计通用规范,1987-03-27,1987-10-01,中国航空综合技术研究所,有效,"本规范是机载雷达设计的重要依据，适用于飞机上的各种雷达。对于特定的机载雷达的详细要求，应在该雷达的产品标准中规定。
					"
GJB 3970-2000,https://www.rongrong.cn/good/88161.html,军用地面雷达测试性要求,2000-04-24,2000-09-01,中国航空综合技术研究所,有效,"本标准规定了军用地面雷达测试性的定性和定量要求及试验验收要求。
本标准适用于军用地面雷达（以下简称雷达）及其配套设备，是雷达论证时提出测试性要求，以及鉴定验收时进行测试性检验和评定的依据。对雷达进行技术改造时亦可参照执行。
					"
GJB 8306-2015,https://www.rongrong.cn/good/90718.html,地面雷达阵地建设通用要求,2015-06-19,2015-10-01,中国航空综合技术研究所,有效,"本标准规定了军用地面雷达阵地选择、建设、伪装与防护、验收的通用要求。
本标准适用于对空情报雷达、海面监视雷达、火控雷达、目标指示雷达、军用天气雷达等常规军用地面雷达（以下简称“雷达”）阵地建设。
					"
GJB 8109-2013,https://www.rongrong.cn/good/91973.html,车载雷达探雷系统设计定型试验规程,2013-07-10,2013-10-01,中国航空综合技术研究所,有效,"本标准规定了车载雷达探雷系统设计定型试验的内容、方法、条件、判据和报告。
本标准适用于采用超宽带合成孔径雷达、金属再辐射雷达的车载雷达探雷系统的设计定型试验，其他类型的雷达探雷系统试验可参照使用。
					"
GJB 2542-1995,https://www.rongrong.cn/good/93030.html,炮瞄雷达精度试验方法,1995-10-16,1996-06-01,中国航空综合技术研究所,废止,"本标准规定了检验炮瞄雷达精度的试验方法。本标准适用于炮瞄雷达的精度试验。
					"
GJB 889A-2019,https://www.rongrong.cn/good/762287.html,雷达接收分系统性能测试方法,2019-12-08,2020-01-01,中国航空综合技术研究所,有效,"本标准规定了雷达接收分系统主要性能指标测试方法。
本标准适用于雷达接收分系统性能指标的测试。
					"
GJB 2137.1-1994,https://www.rongrong.cn/good/97476.html,机载雷达通用要求 总则,1994-12-13,1995-07-01,中国航空综合技术研究所,有效,"本标准规定了4机载雷达通用要求》一组国家军用标准的组成、应用原则以及设备分类。
本标准适用于机载雷达。
					"
GJB 6072-2007,https://www.rongrong.cn/good/88944.html,军用天气雷达组网拼图要求,2007-08-06,2007-11-01,中国航空综合技术研究所,有效,"本标准规定了军用天气雷达组网探测和拼图技术要求。
本标准适用于军队天气雷达组网探测和拼图。
					"
GJB 7524-2012,https://www.rongrong.cn/good/86974.html,对空情报雷达终端通用规范,2012-07-24,2012-09-01,中国航空综合技术研究所,有效,"本规范规定了对空情报雷达终端主要技术要求、质量保证规定和交货准备等。
本规范适用于常规对空情报雷达终端（以下简称雷达终端）的研制、生产、检验、验收和综合保障等。
特种体制雷达终端可参照本标准执行。
					"
GJB 701.6-1989,https://www.rongrong.cn/good/95394.html,地面雷达情报处理和传递系统通用技术条件  雷达情报格式,1989-08-24,1989-12-31,中国航空综合技术研究所,废止,"本标准规定了统一的雷达情报报知格式。
本标准适用于自动化的地面雷达情报处理和传递系统。
					"
GJB 74A-1998,https://www.rongrong.cn/good/134738.html,军用地面雷达通用规范,1998-03-16,1998-09-01,中国航空综合技术研究所,有效,"本规范规定了军用地面雷达的通用要求、质量保证规定和交货准备等。
本规范适用于各种军用地面雷达（以下简称雷达）。
					"
GJB 1289B-2018,https://www.rongrong.cn/good/196356.html,战场侦察雷达定型试验规程,2018-03-27,2018-08-01,中国航空综合技术研究所,有效,"本标准规定了战场侦察雷达鉴定定型试验中的战术性能试验的条件、内容和方法。
本标准适用于战场侦察雷达战术性能的鉴定试验，也适用于战场侦察雷达战术性能的作战试验和在役考核。
					"
GJB 6868-2009,https://www.rongrong.cn/good/90092.html,大气雷达阵地建设要求,2009-12-22,2010-04-01,中国航空综合技术研究所,有效,"本标准规定了军用天气雷达阵地选择、建设、验收的要求。
本标准适用于军用天气雷达（以下简称“雷达”）固定站和机动站的建设。
					"
GJB 4189-2001,https://www.rongrong.cn/good/89699.html,精密进场雷达通用规范,2001-05-31,2001-10-01,中国航空综合技术研究所,有效,"本规范规定了精密进场雷达的要求、质量保证规定和交货准备等。
本规范适用于精密进场雷达（以下简称雷达）的研制、生产和检验验收。
					"
GJB 4451-2002,https://www.rongrong.cn/good/92420.html,战场侦察雷达修理规程,2003-02-08,2003-05-01,中国航空综合技术研究所,有效,"本标准规定了战场侦察雷达的修理级别、内容、方法和要求等。
本标准适用于战场侦察雷达（以下简称雷达）及其配套设备的修理。
					"
GJB 186A-2017,https://www.rongrong.cn/good/188480.html,对空情报雷达部队试验规程,2017-05-18,2017-07-01,中国航空综合技术研究所,有效,"本标准规定了对空情报雷达部队试验要求、试验项目和方法。
本标准适用于对空情报雷达设计定型部队试验，生产定型部队试用可参照执行。本标准不适用于预警机雷达。
					"
GJB 4821-1997(GJBz 20470-1997),https://www.rongrong.cn/good/89083.html,机载气象雷达通用规范,1997-12-09,1998-05-01,中国航空综合技术研究所,有效,"本规范规定了机载气象雷达（以下简称雷达）的通用技术要求和质量保证规定。
本规范适用于机载气象雷达的研制、生产和检验验收等工作。
					"
GJB 2137.6-1994,https://www.rongrong.cn/good/97481.html,机载雷达通用要求 参数的标定与校正,1994-12-13,1995-07-01,中国航空综合技术研究所,有效,"本标准规定了对机载雷达需校正的系统误差进行标定与校正的方法。
本标准适用于机载火控雷达，其他机载雷达亦可参照使用。
					"
GJB 6853-2009,https://www.rongrong.cn/good/87105.html,机载预警雷达通用规范,2009-12-22,2010-04-01,中国航空综合技术研究所,有效,"本规范规定了机载预警雷达的通用要求、质量保证规定和交货准备等。
本规范适用于机载预警雷达（以下简称雷达）。
					"
GJB 1299-1991,https://www.rongrong.cn/good/88332.html,炮瞄雷达定型试验方法,1991-12-23,1992-09-01,中国航空综合技术研究所,有效,"本标准规定了炮瞄雷达主要战术技术性能的试验方法。
本标准适用于炮瞄雷达设计定型和生产定型试验。炮瞄雷达鉴定、批生产抽样、科研摸底试验亦可参照使用。
					"
GJB 7984-2013,https://www.rongrong.cn/good/89823.html,潜艇雷达通用规范,2013-07-10,2013-10-01,中国航空综合技术研究所,有效,"本规范规定了潜艇雷达的通用要求、质量保证规定和交货准备。
本规范适用于各型潜艇雷达（以下简称雷达）的研制、生产、验收、试验、交付和使用。
					"
GJB 8913-2017,https://www.rongrong.cn/good/188419.html,军用地面测高雷达规范,2017-05-18,2017-07-01,中国航空综合技术研究所,有效,"本规范规定了军用地面测高雷达的要求、质量保证规定及交货准备等。
本规范适用于军用地面测高雷达（以下简称雷达）研制、生产和检验。
					"
GJB 4214-2001,https://www.rongrong.cn/good/87350.html,军用天气雷达通用规范,2001-05-31,2001-10-01,中国航空综合技术研究所,有效,"本规范规定了军用天气雷达的通用要求、质量保证规定和交货准备等。
本规范适用于军用天气雷达（以下简称“雷达”）的研制、生产和使用。
					"
GJB 403A-1998,https://www.rongrong.cn/good/86902.html,舰载雷达通用规范,1998-03-16,1998-09-01,中国航空综合技术研究所,有效,"本规范规定了舰载雷达（以下简称“雷达”）的通用要求、质量保证规定和交货准备等要求。
本规范适用于各种舰载雷达的研制、生产和使用。
					"
GJB 3976-2000,https://www.rongrong.cn/good/90401.html,岸对海侦察雷达安装程序和要求,2000-04-24,2000-09-01,中国航空综合技术研究所,有效,"本标准规定了岸对海侦察雷达（以下简称雷达）的安装程序和要求，包括雷达站工事构筑要求。
本标准适用于岸对海侦察雷达的安装工作，其它固定式雷达的安装亦可参照执行。
					"
GJB 2421-1995,https://www.rongrong.cn/good/87406.html,地炮雷达定型试验方法,1995-05-31,1995-12-01,中国航空综合技术研究所,废止,"本标准规定了地炮雷达定型试验应具备的条件、试验前的准备、试验的基本内容及试验方法、数据处理和结果评定。本标准适用于地面活动目标侦察校射雷达，炮位侦察校射雷达，是设计定型和生产定型靶场试验的主要依据。地面对海活动目标侦察校射雷达和火炮初速测定雷达定型试验可参照使用。
					"
GJB 4885-2003,https://www.rongrong.cn/good/87719.html,军用天气雷达定型试验方法,2003-07-21,2003-10-01,中国航空综合技术研究所,废止,"本标准规定了军用天气雷达定型试验的项目、内容和方法。
本标准适用于军用天气雷达（包括数字化天气雷达与多普勒天气雷达，以下简称雷达），在承制方完成型号样机研制或重大技术改造后进行的设计定型、生产定型试验。
本标准所规定试验的项目和内容，对型号样机雷达应全部进行试验；对重大技术改造雷达，只对相关联的项目或根据订购方与承制方签订合同中规定的项目进行定型试验。
					"
GJB 7726-2012,https://www.rongrong.cn/good/87688.html,舰载相控阵雷达通用规范,2012-12-27,2013-04-01,中国航空综合技术研究所,有效,"本规范规定了舰载相控阵雷达（以下简称“雷达”）的通用要求等。
本规范适用于舰载相控阵雷达。
					"
GJB 8085-2013,https://www.rongrong.cn/good/92318.html,靶场初速测量雷达通用规范,2013-07-10,2013-10-01,中国航空综合技术研究所,有效,"本规范规定了靶场初速测量雷达的通用要求。
本规范适用于靶场初速测量雷达（以下简称雷达）。
					"
GJB 2137.3-1994,https://www.rongrong.cn/good/97478.html,机载雷达通用要求 战术技术要求项目格式,1994-12-13,1995-07-01,中国航空综合技术研究所,有效,"本标准规定了机载雷达战术技术要求通用项目项式，是制定雷达战术技术要求的基本依据。
本标准适用于机载雷达。
					"
GJB 86.2-1986,https://www.rongrong.cn/good/134914.html,机载火控雷达战术性能定型试验规程  射击雷达战术性能试验方法,1986-01-23,1986-10-01,中国航空综合技术研究所,有效,"本标准规定了机载射击雷达战术性能定型试验方法。适用于脉冲体制的射击雷达，测距雷达和尾炮射击雷达战术性能试验也可参照本标准的有关条款执行。
					"
GJB 2137.5-1994,https://www.rongrong.cn/good/97480.html,机载雷达通用要求 设计制造要求,1994-12-13,1995-07-01,中国航空综合技术研究所,有效,"本标准规定了机载雷达的设计制造要求。
本标准适用于机载雷达。
					"
GJB 2137.10-1994,https://www.rongrong.cn/good/97474.html,机载雷达通用要求 随机文件构成和项目格式,1994-12-13,1995-07-01,中国航空综合技术研究所,有效,"本标准规定了机载雷达随机文件构成和项目格式。
本标准适用于机载雷达。
					"
GJB 2137.11-1994,https://www.rongrong.cn/good/97475.html,机载雷达通用要求 检验规则,1994-12-13,1995-07-01,中国航空综合技术研究所,有效,"本标准规定了机载雷达的检验规则。
本标准适用于机载雷达。
					"
GJB 2402-1995,https://www.rongrong.cn/good/88144.html,地面雷达对抗系统接口要求,1995-05-31,1995-12-01,中国航空综合技术研究所,有效,"本标准规定了地面雷达对抗系统的接口要求，包括物理接口、数据链路控制规程及数据项的约定。本标准适用于地面雷达对抗系统内部分系统、设备间通过互连通信链路进行数据传输的所有场合，作为地面雷达对抗系统论证、科研、生产、验收的依据。
					"
GJB 4260-2001,https://www.rongrong.cn/good/86933.html,侦察雷达测试性通用要求,2002-01-11,2002-05-01,中国航空综合技术研究所,有效,"本标准规定了侦察雷达测试性分析、设计和验证的主要内容、要求和方法。
本标准适用于侦察雷达系统和设备的论证、研制、生产和使用各阶段。其它雷达系统和设备或外部测试设备也可参考使用。
					"
GJB 1542-1992,https://www.rongrong.cn/good/91176.html,战场侦察雷达试用规则,1992-10-28,1993-06-01,中国航空综合技术研究所,废止,"本标准规定了战场侦察雷达部队试用的主要内容、方法和要求。
本标准适用于在使用阵地条件下进行部队试用的战场侦察雷达及其主要配套设备（下统称产品），也适用于岸对海侦察雷达等产品。
					"
GJB 4285-2001,https://www.rongrong.cn/good/87465.html,目标指示雷达部队试验规程,2002-01-11,2002-05-01,中国航空综合技术研究所,有效,"本标准规定了目标指示雷达部队试验的基本要求、试验项目和试验方法、试验数据的录取和处理、试验结果评定、试验报告编写。
本标准适用于目标指示雷达设计定型阶段的部队试验。生产定型阶段的部队试用、改进或引进的目标指示雷达部队试验也可参照执行。
					"
GJB 3656-1999,https://www.rongrong.cn/good/89172.html,高炮雷达部队试验规程,1999-03-24,1999-09-01,中国航空综合技术研究所,有效,"本标准规定了高炮雷达部队试验的一般要求、试验准备、试验内容和方法、试验报告等内容。
本标准适用于高炮雷达设计定型阶段的部队试验。生产定型阶段的部队试用、改进或引进的高炮雷达部队试验亦可参照执行。
					"
GJB 74,https://www.rongrong.cn/good/95196.html,军用地面雷达通用技术条件（系列）, , ,中国航空综合技术研究所,有效,"军用地面雷达通用技术条件（系列）
					"
GJB 74A-1998(G1),https://www.rongrong.cn/good/134739.html,军用地面雷达通用规范 修改单1-2004,2004-03-10,2004-07-01,中国航空综合技术研究所,有效,"军用地面雷达通用规范 修改单1-2004
					"
GJB 403-1987,https://www.rongrong.cn/good/96522.html,舰载雷达通用技术条件（系列）1987版, , ,中国航空综合技术研究所,有效,"舰载雷达通用技术条件（系列）1987版
					"
GJB 6683-2009,https://www.rongrong.cn/good/87048.html,舰载警戒雷达规范,2009-05-25,2009-08-01,中国航空综合技术研究所,有效,"本规范规定了舰载警戒雷达的通用要求、质量保证规定及其交货准备等。
本规范适用于舰载警戒雷达（以下简称雷达），其他舰载雷达也可参照使用。
					"
GJB 7525-2012,https://www.rongrong.cn/good/93188.html,军用地面雷达图册编制要求,2012-07-24,2012-09-01,中国航空综合技术研究所,有效,"本标准规定了军用地面雷达图册（以下简称图册）的一般要求、构成、内容和编排。
本标准适用于军用地面雷达（以下简称雷达）图册的编制，其他雷达图册的编制也可参照执行。
					"
GJB 5393-2005,https://www.rongrong.cn/good/87099.html,机载雷达对抗侦察吊舱通用规范,2005-06-28,2005-10-01,中国航空综合技术研究所,有效,"机载雷达对抗侦察吊舱通用规范
					"
GJB 4670-1994(GJBz 20236-1994),https://www.rongrong.cn/good/88461.html,对空情报雷达工厂修理通用规范,1994-10-21,1995-03-01,中国航空综合技术研究所,有效,"本规范规定了地面对空情报雷达（以下简称雷达）工厂修理的通用修理要求、检验验收和包装运输。
本规范适用于地面对空情报雷达的工厂修理，其他地面雷达的工厂修理亦可参照使用。
					"
GJB 86-1986,https://www.rongrong.cn/good/94679.html,机载火控雷达战术性能定型试验规程（系列）1986版, , ,中国航空综合技术研究所,有效,"机载火控雷达战术性能定型试验规程（系列）1986版
					"
GJB 6276-2008,https://www.rongrong.cn/good/89566.html,机载轰炸雷达通用规范,2008-03-30,2008-06-01,中国航空综合技术研究所,有效,"本规范规定了机载轰炸雷达的通用要求。
本规范适用于机载轰炸雷达（以下简称雷达）。具有对面目标攻击能力的机载雷达可参照执行。
					"
GJB 186-1986,https://www.rongrong.cn/good/90204.html,空军对空情报雷达试用规范,1986-11-29,1987-06-01,中国航空综合技术研究所,有效,"《空军对空情报雷达试用规范》适用于到部队进行试用的空军对空警戒、引导、测高雷达及其地面询问机、图象传输、电站、方舱等主要配套设备（以下简称产品）。
					"
GJB 5782-2006,https://www.rongrong.cn/good/89537.html,雷达旅团级组网系统通用要求,2006-10-20,2007-01-01,中国航空综合技术研究所,有效,"本标准规定了空情预警雷达旅团级组网系统的功能、性能、设计、可靠性、维修性和保障性等通用技术要求。
本标准适用于空情预警雷达旅团级组网系统（以下简称系统），其它同类系统可参照使用。
					"
GJB 9405-2018,https://www.rongrong.cn/good/196085.html,炮射雷达干扰弹定型试验规程,2018-03-27,2018-08-01,中国航空综合技术研究所,有效,"本标准规定了在试验场进行炮射有源雷达干扰弹定型试验的基本要求、试验项目、试验方法。
本标准适用于炮射有源雷达干扰弹（以下简称被试装备）的定型试验，其他试验亦可参照使用。
					"
GJB 9167-2017,https://www.rongrong.cn/good/189940.html,军用无人值守雷达通用规范,2017-09-12,2017-12-01,中国航空综合技术研究所,有效,"本规范规定了军用无人值守雷达的通用要求、质量保证规定和交货准备等。
本规范适用于军用地面无人值守雷达的研制、生产和检验。
					"
GJB 1151-1991,https://www.rongrong.cn/good/89317.html,雷达对抗设备安全要求,1991-10-18,1992-06-01,中国航空综合技术研究所,有效,"本标准规定了雷达对抗设备（以下简称设备）设计、制造、运输、安装、使用和维修的基本安全要求。
本标准适用于各种雷达对抗设备。
					"
GJB 661-1989,https://www.rongrong.cn/good/91223.html,雷达信标机通用规范,1989-05-31,1989-11-01,中国航空综合技术研究所,有效,"本标准规定了雷达信标机设计、生产和试验验收的通用要求。特殊要求由专用规范确定。
本标准适用于雷达信标机拟定技术条件、设计、制造和产品验收。
					"
GJB 3869-1999,https://www.rongrong.cn/good/90999.html,舰载雷达检验规则,1999-11-25,2000-04-01,中国航空综合技术研究所,废止,"本标准规定了舰载雷达检验的分类、依据、项目、条件、方法、程序等要求。
本标准适用于舰载雷达的鉴定（定型）检验和质量一致性检验。
					"
GJB 3531-1999,https://www.rongrong.cn/good/91343.html,飞机雷达罩涂料规范,1999-03-24,1999-09-01,中国航空综合技术研究所,有效,"本规范规定了飞机雷达罩涂料的要求、质量保证规定、交货准备和说明事项。
本规范适用于飞机雷达罩涂料中的底漆、防雨蚀漆、防静电漆及其配套体系。
					"
GJB 4204-2001,https://www.rongrong.cn/good/90017.html,反雷达伪装遮障使用要求,2001-05-31,2001-10-01,中国航空综合技术研究所,有效,"本标准规定了反雷达伪装遮障使用的一般要求、器材、设置及效果检测与评定。
本标准适用于用伪装遮障对抗雷达探测。
					"
GJB 403.1-1987,https://www.rongrong.cn/good/96523.html,舰载雷达通用技术条件  总则,1987-11-03,1988-06-01,中国航空综合技术研究所,有效,"本套标准《舰载雷达通用技术条件》适用于水面舰艇和潜艇上装备的雷达（简称设备）。
本套标准规定的各项要求和指标，除有明确规定的条款外，均只适用于设备。
					"
GJB 3531A-2018,https://www.rongrong.cn/good/196202.html,飞机雷达罩涂料规范,2018-03-27,2018-08-01,中国航空综合技术研究所,有效,"本规范规定了飞机雷达罩涂料的要求。
本规范适用于飞机雷达罩涂料的底漆、防雨蚀漆、防静电漆及其配套体系，其他机载产品也可参考。
					"
GJB 8864-2016,https://www.rongrong.cn/good/149031.html,数字阵列雷达通用规范,2016-05-03,2016-08-01,中国航空综合技术研究所,有效,"本规范规定了数字阵列雷达的通用要求、质量保证规定和交货准备等。
本规范适用于数字阵列雷达的研制、生产和检验。
					"
GJB 74.12-1989,https://www.rongrong.cn/good/95199.html,军用地面雷达通用技术条件  制导雷达检飞规范,1989-08-24,1989-12-31,中国航空综合技术研究所,有效,"本标准规定了地空导弹武器系统中地面制导雷达的飞行检验（以下简称检飞）方法。
本标准适用于设计定型试验和生产定型试验的制导雷达主要战术性能检验；也适用于批生产的制导雷达有关战术性能检验。
经重大技术改进后的制导雷达需要检飞时应参照使用。
本标准是《军用地面雷达通用技术条件》一组国家军用标准之一。
					"
GJB 4202-2001,https://www.rongrong.cn/good/91378.html,雷达敌我识别器接口要求,2001-05-31,2001-10-01,中国航空综合技术研究所,有效,"本标准规定了Ⅲ型雷达敌我识别器（包括询问机，应答机和询问应答机，简称识别器）的数据通信接口要求，包括物理接口、传输格式及数据项的约定。
本标准适用于识别器与雷达（或指控中心）之间进行数据通信的接口设计，是识别器和雷达研制、生产和使用的依据。
					"
GJB 6638-2008,https://www.rongrong.cn/good/88091.html,雷达杂波统计方法,2008-10-31,2008-12-01,中国航空综合技术研究所,有效,"本标准规定了雷达地、海杂波测试数据的统计分类、统计内容、统计步骤以及散射系数统计、频谱特性计算、统计分布建模与杂波特征量的表述方式。
本标准适用于雷达地、海杂波测试数据的统计分析，其它类型雷达杂波的统计也可参照使用。
					"
GJB 364-1987,https://www.rongrong.cn/good/90390.html,箔条对雷达干扰效果的测试方法,1987-05-23,1988-01-01,中国航空综合技术研究所,有效,"本标准适用于测试机载、舰载及地面箔条投放器（或发射器）投放（或发射）箔条对雷达的干扰效果。
					"
GJB 4384-2002,https://www.rongrong.cn/good/87860.html,通用雷达装备质量监控要求,2002-07-19,2002-12-01,中国航空综合技术研究所,有效,"本标准规定了对通用雷达装备（以下简称“装备”）实施质量检测、信息传递与处理、统计与分析以及质量控制的时机、内容和方法。
本标准适用于部队、后方仓库、军区和总部通用雷达装备业务主管部门以及所属修理机构、装备站（所），是对装备实施质量监控的依据。
					"
GJB 3071A-2019,https://www.rongrong.cn/good/543416.html,雷达天线分系统性能测试方法,2019-12-08,2020-01-01,中国航空综合技术研究所,有效,"本标准规定了雷达天线分系统极化、波束指向、增益、等效辐射功率、增益噪声温度比、收发隔离度、电压驻波比、功率容量测试的基本要求和测试方法。
本标准适用于科研、生产、试验、使用及检验中雷达天线分系统性能的测试。
					"
GJB 74.1-1985,https://www.rongrong.cn/good/95198.html,军用地面雷达通用技术条件  总则,1985-12-18,1986-06-01,中国航空综合技术研究所,有效,"《军用地面雷达通用技术条件》适用于各类战术功能的军用地面雷达。
本组标准是科研、生产、验收、使用和维修等的共同技术依据。
					"
GJB 6889-2009,https://www.rongrong.cn/good/87626.html,直升机雷达有源干扰吊舱通用规范,2009-12-22,2010-04-01,中国航空综合技术研究所,有效,"本规范规定了直升机雷达有源干扰吊舱的通用要求。
本规范适用于直升机雷达有源干扰吊舱。
					"
GJB 4494-2002,https://www.rongrong.cn/good/88783.html,自行高炮火控雷达通用规范,2003-02-08,2003-05-01,中国航空综合技术研究所,有效,"本规范规定了自行高炮火控雷达的通用要求。
本规范适用于配套装备于自行高炮武器系统炮车上的火控雷达。
					"
GJB 2226.2-1994,https://www.rongrong.cn/good/97521.html,舰载雷达情报系统通用要求  常用术语,1994-12-13,1995-07-01,中国航空综合技术研究所,废止,"本标准规定了舰载雷达情报系统的常用术语。
本标准适用于舰载雷达情报系统的科研、设计、生产和使用。
					"
GJB 2137.8-1994,https://www.rongrong.cn/good/97483.html,机载雷达通用要求 飞行验证要求,1994-12-13,1995-07-01,中国航空综合技术研究所,有效,"本标准规定了机载雷达定型和鉴定试验的飞行验证要求。
本标准适用于机载雷达。
					"
GJB 2226.7-1994,https://www.rongrong.cn/good/97526.html,舰载雷达情报系统通用要求  环境要求,1994-12-13,1995-07-01,中国航空综合技术研究所,废止,"本标准规定了舰载雷达情报系统环境要求及试验方法。
本标准适用于舰载雷达情报系统（以下筒称系统）。
					"
GJB 2137.7-1994,https://www.rongrong.cn/good/97482.html,机载雷达通用要求 维修性要求,1994-12-13,1995-07-01,中国航空综合技术研究所,有效,"本标准规定了机载雷达的维修性要求和试验方法。
本标准适用于机载雷达。
					"
GJB 5374-2005,https://www.rongrong.cn/good/87380.html,防空兵目标指示雷达通用规范,2005-06-28,2005-10-01,中国航空综合技术研究所,有效,"本规范规定了防空兵目标指示雷达的通用要求。
本规范适用于防空兵目标指示雷达。
					"
GJB 6539-2008,https://www.rongrong.cn/good/91219.html,对空情报雷达战时抢修技术要求,2008-10-31,2008-12-01,中国航空综合技术研究所,有效,"本标准规定了对空情报雷达战时抢修的技术要求。
本标准适用于对空情报雷达战时损伤进行的抢修。
					"
GJB 1838A-2019,https://www.rongrong.cn/good/543383.html,地面雷达信号处理分系统性能测试方法,2019-12-08,2020-01-01,中国航空综合技术研究所,有效,"本标准规定了地面雷达信号处理分系统主要性能的测试方法。
本标准适用于地面雷达信号处理分系统主要性能的测试。
					"
GJB 74.11-1989,https://www.rongrong.cn/good/95197.html,军用地面雷达通用技术条件  炮瞄雷达检飞规范,1989-08-24,1989-12-31,中国航空综合技术研究所,有效,"本标准规定了地面炮瞄（火控）雷达的飞行检验（以下简称检飞）方法。
本标准适用于炮瞄雷达设计定型和生产定型时主要战术性能的检验。
重大技术改进和转厂生产等鉴定，以及批生产的抽样雷达，需要检飞时，亦应参照执行。
本标准规定的各项方法，并非任何一次检飞的全部项目。检飞时，应根据产品标准（技术条件）或订购方和承制方签订的合同适当增减。本标准未规定的检飞项目，可由订购方和承制方与承试单位商定。
本标准是军用地面雷达通用技术条件一组国家军用标准之一。
					"
GJB 4578-1991(GJBz 20048-1991),https://www.rongrong.cn/good/88786.html,对空情报雷达电磁环境防护要求的测试方法,1991-12-10,1992-05-01,中国航空综合技术研究所,有效,"本标准规定了对空情报雷达所处电磁环境中各种辐射干扰特性和对这些干扰防护要求的测试方法。
本标准适用于80〜3500MHz频率范围内的对空情报雷达，该频率范围以外的对空情报雷达及其它程式的雷达亦可参照使用。
					"
GJB 4961-2003,https://www.rongrong.cn/good/87232.html,炮兵侦察校射雷达使用指南,2003-07-21,2003-10-01,中国航空综合技术研究所,有效,"本标准给出了陆军炮兵侦察校射雷达战术、技术使用的指南。
本标准适用于炮兵活动目标侦察校射雷达、对海侦察校射雷达和炮位侦察校射雷达。
					"
GJB 4725-1996(GJBz 20321-1996),https://www.rongrong.cn/good/93163.html,伪装器材防雷达性能室内测试规程,1996-02-09,1996-06-01,中国航空综合技术研究所,有效,"本标准规定了伪装器材防雷达性能室内测试方法。
本标准适用于伪装器材雷达截面积、后向散射系数、雷达波反射率、雷达波透射率等性能参数室内测试。
					"
GJB 4815-1997(GJBz 20463-1997),https://www.rongrong.cn/good/86780.html,军用雷达寿命周期费用估算手册,1997-11-07,1998-04-01,中国航空综合技术研究所,有效,"本标准规定了军用雷达（以下简称雷达）寿命周期费用的估算方法和一般程序。
本标准适用于雷达在论证、方案、工程研制、生产、使用和退役等阶段需要进行费用估算的场合。雷达重大技术改进或改型时亦可参照执行。
					"
GJB 4646-1993(GJBz 20196-1993),https://www.rongrong.cn/good/93894.html,军用地面雷达使用安全要求,1993-12-17,1994-05-01,中国航空综合技术研究所,废止,"本标准规定了军用地面雷达在使用中对人机安全的要求和安全设计要求。
本标准适用于军用地面雷达，可做为制定军用地面雷达安全工作有关制度、规定的基本依据。
					"
GJB 8002-2013,https://www.rongrong.cn/good/91107.html,军用地面雷达修理手册编制要求,2013-07-10,2013-10-01,中国航空综合技术研究所,有效,"本标准规定了军用地面雷达修理手册（以下简称修理手册）的一般要求、结构与内容、构成要素。
本标准适用于军用地面雷达（以下简称雷达）随机用户技术资料中修理手册的编制。
					"
GJB 4269-2001,https://www.rongrong.cn/good/87949.html,便携式雷达对抗设备通用规范,2002-01-11,2002-05-01,中国航空综合技术研究所,有效,"本规范规定了便携式雷达对抗设备的基本要求和质量保证规定等。
本规范适用于各种便携式雷达对抗设备（以下简称设备）。
本规范不适用于相控阵干扰设备和各种无源雷达对抗设备。
					"
GJB 4349-2002,https://www.rongrong.cn/good/87255.html,地面雷达干扰设备试验场试验方法,2002-07-19,2002-12-01,中国航空综合技术研究所,有效,"本标准规定了地面雷达干扰设备试验场试验的基本要求及战术技术性能试验方法。
本标准适用于地面雷达干扰设备（简称被试设备）鉴定（或定型）试验。地面雷达干扰设备科研和检验验收试验可参照使用。
					"
GJB 4682-1995(GJBz 20257-1995),https://www.rongrong.cn/good/91040.html,对空情报雷达检飞大纲编写要求,1995-04-12,1995-10-01,中国航空综合技术研究所,有效,"本标准规定了地面对空情报雷达（以下简称雷达）检飞大纲的编写内容和要求。
本标准适用于雷达设计定型或鉴定检飞大纲的编写，其他检飞大纲的编写可参照执行。
					"
GJB 6067-2007,https://www.rongrong.cn/good/89738.html,军用地面雷达使用说明书编制要求,2007-08-06,2007-11-01,中国航空综合技术研究所,有效,"本标准规定了军用地面雷达使用说明书的构成、内容、编排和表述要求。
本标准适用于军用地面雷达使用说明书的编制，雷达配套设备使用说明书的编制亦可参照使用。
					"
GJB 1766-1993,https://www.rongrong.cn/good/88348.html,雷达装备维修备件包装技术要求,1993-09-30,1994-06-01,中国航空综合技术研究所,废止,"本标准规定了雷达装备（含雷达、指挥仪、电站）维修备件（以下简称“备件”）的防护包装和装箱等级，包装方法、尺寸、数量、标志等要求。
本标准适用于雷达装备备件的包装。
					"
GJB 4338-2002,https://www.rongrong.cn/good/91387.html,空空导弹雷达导引头通用规范,2002-07-19,2002-12-01,中国航空综合技术研究所,有效,"本规范规定了空空导弹雷达导引头通用技术要求、质量保证规定和交货准备。
本规范适用于空空导弹雷达导引头（以下简称导引头）。空面导弹雷达导引头可参照使用。
					"
GJB 8170-2014,https://www.rongrong.cn/good/87692.html,军用地面无源雷达通用规范,2014-10-21,2015-01-31,中国航空综合技术研究所,有效,"本规范规定了军用地面无源雷达的通用要求、质量保证规定和交货准备等。
本规范适用于利用目标自身辐射信号源定位的军用地面被动雷达（以下简称无源雷达）的设计、制造、验收。
					"
GJB 3734A-2017,https://www.rongrong.cn/good/190163.html,军用地面雷达技术说明书编制要求,2017-09-12,2017-12-01,中国航空综合技术研究所,有效,"本标准规定了军用地面雷达技术说明书的构成要素与编排、正文内容、层次划分与表述、出版与印刷等要求。
本标准适用于军用地面雷达（以下简称雷达）技术说明书的编制。
					"
GJB 9165-2017,https://www.rongrong.cn/good/189938.html,军用双偏振多普勒天气雷达通用规范,2017-09-12,2017-12-01,中国航空综合技术研究所,有效,"本规范规定了军用地面双偏振多普勒天气雷达的通用要求、质量保证规定、交货准备等。
本规范适用于军用地面双偏振多普勒天气雷达（以下简称“雷达”）的研制、生产和检验。
					"
GJB 9412-2018,https://www.rongrong.cn/good/196157.html,地面制导雷达检飞试验规程,2018-03-27,2018-08-01,中国航空综合技术研究所,有效,"本标准规定了地面制导雷达检飞试验的基本要求、试验项目和试验方法。
本标准适用于地面制导雷达（以下简称雷达）设计定型阶段的检飞试验。
					"
GJB 1770.3-1993,https://www.rongrong.cn/good/97689.html,对空情报雷达维修性  维修性的试验与评定,1993-09-30,1994-06-01,中国航空综合技术研究所,有效,"本标准规定了地面对空情报雷达（以下简称雷达）维修性定性评定、定量验证试验、部队维修试验和验收试验的实施要求与方法。
本标准适用于地面对空情报雷达，其配套设备亦可参照使用。
					"
GJB 403.2-1987,https://www.rongrong.cn/good/96524.html,舰载雷达通用技术条件  战术技术项目及测试,1987-11-03,1988-06-01,中国航空综合技术研究所,有效,"本标准规定了舰载雷达主要战术、技术要求项目，是舰载雷达拟制战术技术任务书和设备技术条件的基本依据。本标准还规定了舰载雷达主要战术性能的检验、测试的基本方法。
					"
GJB 2137.9-1994,https://www.rongrong.cn/good/97484.html,机载雷达通用要求 标志、包装、运输、贮存,1994-12-13,1995-07-01,中国航空综合技术研究所,有效,"本标准规定了机载雷达的包装标志、包装、运输、贮存的通用技术要求皮包装件的试验方法。
本标准适用于机载雷达设备。也适用于机载雷达备件与配套设备。
					"
GJB 9017-2017,https://www.rongrong.cn/good/190104.html,军用直升机多普勒雷达通用规范,2017-09-12,2017-12-01,中国航空综合技术研究所,有效,"本规范规定了军用直升机多普勒雷达（以下简称多普勒雷达）的通用要求、质量保证规定、交货准备等内容。
本规范适用于军用直升机多普勒雷达的研制、生产、检验和验收。
					"
GJB 889.1-1989,https://www.rongrong.cn/good/94506.html,雷达接收分系统测试方法  灵敏度,1990-10-31,1991-04-01,中国航空综合技术研究所,有效,"本标准规定了雷达接收分系统接收机灵敏度的定义及测试方法。
本标准适用于雷达接收分系统接收机灵敏度指标的测试，也适用于雷达接收分系统的其它输入端口的测试。
					"
GJB 2783A-2006,https://www.rongrong.cn/good/86912.html,地空导弹制导雷达通用规范,2006-10-20,2007-01-01,中国航空综合技术研究所,有效,"本规范规定了地空导弹制导雷达的技术要求、质量保证规定和交货准备等。本规范适用于地空导弹制导雷达（以下简称制导雷达）的研制、生产、检验、验收、包装等。
					"
GJB 912-1990,https://www.rongrong.cn/good/87391.html,气-五（705）型测风二次雷达,1990-10-31,1991-04-01,中国航空综合技术研究所,废止,"本标准规定了气－五（705）型测风二次雷达（以下简称雷达）的组成；战术、技术要求；试验方法；验收规则及标志、包装、运输、贮存等要求。
本标准适用于雷达设计、制造、检验和验收。
					"
GJB 8960-2017,https://www.rongrong.cn/good/188737.html,机载预警数字阵列雷达规范,2017-05-18,2017-07-01,中国航空综合技术研究所,有效,"本规范规定了机载预警数字阵列雷达的要求、质量保证规定和交货准备等。
本规范适用于机载预警数字阵列雷达（以下简称雷达）的研制、生产和检验。
					"
GJB 8197-2014,https://www.rongrong.cn/good/87589.html,军航空管一次雷达通用规范,2014-10-21,2015-01-31,中国航空综合技术研究所,有效,"本规范规定了军航空管一次雷达的通用要求、质量保证规定和交货准备等。
本规范适用于军航空管一次雷达（以下简称“雷达”）的论证、研制、生产和检验。
					"
GJB 9170-2017,https://www.rongrong.cn/good/189943.html,地面脉冲多普勒火控雷达通用规范,2017-09-12,2017-12-01,中国航空综合技术研究所,有效,"本规范规定了地面脉冲多普勒火控雷达的要求、质量保证规定和交货准备。
本规范适用于地面脉冲多普勒火控雷达（以下简称雷达）的研制、生产和检验。
					"
GJB 9642-2019,https://www.rongrong.cn/good/543512.html,空间交会对接微波雷达规范,2019-12-08,2020-01-01,中国航空综合技术研究所,有效,"本规范规定了空间交会对接微波雷达的技术要求、质量保证规定和交货准备等。
本规范适用于载人航天器交会对接微波雷达(以下简称微波雷达)的设计、生产、试验和验收。
					"
GJB 5157-2004,https://www.rongrong.cn/good/87721.html,舰载直升机引导雷达通用规范,2004-09-20,2005-01-01,中国航空综合技术研究所,有效,"本规范规定了舰载直升机引导雷达（含舰载雷达和机载应答器）的通用要求。
本规范适用于舰载直升机引导雷达。
					"
GJB 2086-1994,https://www.rongrong.cn/good/87221.html,地面炮兵雷达通用规范,1994-09-12,1995-04-01,中国航空综合技术研究所,有效,"本规范规定了地面炮兵雷达（以下简称雷达或产品）在研制、生产、试验和验收中的通用要求、质量保证规定和交货准备等要求。本规范适用于雷达整机，是制定产品规范的基本依据。
					"
GJB 2419-1995,https://www.rongrong.cn/good/87150.html,地面雷达侦察设备外场试验方法,1995-05-31,1995-12-01,中国航空综合技术研究所,有效,"本标准规定了地面雷达侦察设备（包括雷达寻的和告警设备、电子战支援侦察设备和电子情报侦察设备等）的外场试验方法。本标准适用于地面雷达侦察设备的外场试验。
					"
GJB 3896-1999,https://www.rongrong.cn/good/88898.html,机载轰炸雷达检验验收规范,1999-11-25,2000-04-01,中国航空综合技术研究所,有效,"本规范规定了机载轰炸雷达检验验收的一般要求、项目、方法和规则。
本规范适用于已定型（鉴定）的机载轰炸雷达，是编写轰炸雷达检验验收规程的基本依据。
					"
GJB 530A-2006,https://www.rongrong.cn/good/90253.html,反舰导弹末制导雷达海上试验规程,2006-05-17,2006-10-01,中国航空综合技术研究所,有效,"本标准规定了反舰导弹末制导雷达（以下简称雷达）海上试验的基本要求、技术准备、试验项目和方法、数据处理和结果评定原则等。
本标准适用于舰对舰、岸对舰、空对舰、潜对舰等导弹的雷达海上试验。
					"
GJB 4188-2001,https://www.rongrong.cn/good/103491.html,机载导航吊舱雷达通用规范,2001-05-31,2001-10-01,中国航空综合技术研究所,有效,"本规范规定了机载导航吊舱雷达（以下简称雷达）的通用技术要求和质量保证规定。
本规范适用于雷达的研制、生产和检验验收等。
					"
GJB 9172-2017,https://www.rongrong.cn/good/189945.html,机载战场侦察监视雷达通用规范,2017-09-12,2017-12-01,中国航空综合技术研究所,有效,"本规范规定了机载战场侦察监视雷达的通用要求、质量保证规定和交货准备。
本规范适用于机载战场侦察监视雷达（以下简称雷达）的研制、生产、检验和验收。
					"
GJB 9171-2017,https://www.rongrong.cn/good/189944.html,无人机载对地侦察雷达通用规范,2017-09-12,2017-12-01,中国航空综合技术研究所,有效,"本规范规定了无人机载对地侦察雷达的通用要求、质量保证规定和交货准备等。
本规范适用于无人机载对地侦察雷达（以下简称“雷达”）的论证、研制、生产和检验。
					"
GJB 1770.1-1993,https://www.rongrong.cn/good/97687.html,对空情报雷达维修性  维修性要求,1993-09-30,1994-06-01,中国航空综合技术研究所,有效,"本标准规定了地面对空情报雷达（以下简称雷达）的维修性要求，它包括维修性管理要求、维修性定量要求、维修性定性要求和维修保障要求，是制定雷达维修性要求，指导雷达维修性工作的基本依据。
本标准适用于地面对空情报雷达，其配套设备亦可参照使用。
					"
GJB 5408-2005,https://www.rongrong.cn/good/87381.html,炮兵侦察校射雷达定型试验规程,2005-06-28,2005-10-01,中国航空综合技术研究所,有效,"本标准规定了地面炮兵侦察校射雷达定型试验的要求、方法和程序。
本标准适用于炮兵侦察校射雷达和炮位侦察校射雷达设计定型和生产定型试验。机载或舰载侦察校射雷达以及其它测速、步兵战场侦察等雷达的地面试验亦可参照使用。
					"
GJB 4798-1997(GJBz 20429-1997),https://www.rongrong.cn/good/87682.html,炮兵侦察校射雷达部队试验规程,1997-08-20,1998-02-01,中国航空综合技术研究所,有效,"本标准规定了炮兵侦察校射雷达（炮位侦察校射雷达、地面活动目标侦察校射雷达、对海侦察校射雷达，下同）部队试验的一般要求、试验前准备、试验项目实施、试验报告等内容。
本标准适用于炮兵侦察校射雷达设计定型部队试验，也适用于生产定型部队试用试验。
					"
GJB 9182-2017,https://www.rongrong.cn/good/189953.html,地面对空情报雷达设备质量等级评定要求,2017-09-12,2017-12-01,中国航空综合技术研究所,有效,"本标准规定了地面对空情报雷达设备质量等级的评定条件、评定程序、质量分级和技术方法等一般要求；规定了评定指标体系、指标性能等级灰类准则、综合性能评定算法和评定过程等详细要求。
本标准适用于地面对空情报雷达装备中雷达设备的质量等级评定工作，不适用于无源雷达、气球载雷达、超视距雷达等采用特种探测体制的地面对空情报雷达设备。
					"
GJB 9216.1-2017,https://www.rongrong.cn/good/195166.html,地面雷达对抗设备内场仿真试验方法 第1 部分：雷达对抗侦察设备,2017-09-12,2017-12-01,中国航空综合技术研究所,有效,"本部分规定了地面雷达对抗侦察设备内场仿真试验的基本要求、试验项目和试验方法。
本部分适用于地面雷达对抗侦察设备（以下简称被试设备）的论证、研制、试验、生产和使用，其他平台雷达对抗侦察设备可参照执行。
					"
GJB 9325.5-2018,https://www.rongrong.cn/good/302437.html,25毫米自行高炮部队修理技术要求 第5部分：单炮搜索雷达,2018-03-27,2018-08-01,中国航空综合技术研究所,有效,"本标准适用于军区雷达修理所对单炮搜索雷达的中修，也适用于中继级修理机构对单炮搜索型雷达的部分大修。
					"
GJB 865-1990,https://www.rongrong.cn/good/88809.html,舰用雷达干扰机定型试验规程,1990-10-31,1991-04-01,中国航空综合技术研究所,有效,"本标准规定了被试产品的进场条件；试验的各项准备；试验项目、方法和实施程序；数据处理要求和结果分析方法；对被试产品的评定标准以及编写试验大纲和试验结果报告的基本原则。
本标准适用于舰用雷达干扰机设计定型试验、鉴定性试验，舰用雷达干扰机研制性试验亦应参照使用。
					"
GJB 9216.2-2017,https://www.rongrong.cn/good/189969.html,地面雷达对抗设备内场仿真试验方法 第2部分：雷达干扰设备,2017-09-12,2017-12-01,中国航空综合技术研究所,有效,"本部分规定了地面雷达干扰设备内场仿真试验的基本要求、试验项目和试验方法。
本部分适用于地面雷达有源干扰设备（以下简称被试设备）的研制、试验和使用。
					"
GJB 86.4-1986,https://www.rongrong.cn/good/134915.html,机载火控雷达战术性能定型试验规程  机载火控雷达抗干扰能力试验,1986-01-23,1986-10-01,中国航空综合技术研究所,有效,"本标准规定了机载火控雷达抗干扰能力的判定准则和试验方法。适用于各类机载火控雷达定型时的抗干扰能力试验。
					"
GJB 86.3-1986,https://www.rongrong.cn/good/134692.html,机载火控雷达战术性能定型试验规程  轰炸雷达战术性能试验方法,1986-01-23,1986-10-01,中国航空综合技术研究所,有效,"本标准规定了轰炸雷达在设计（生产）定型之前，其战术性能的试验鉴定方法。本标准也适用于多功能雷达的轰炸状态的性能鉴定。
					"
GJB 4573-1990(GJBz 20030-1990),https://www.rongrong.cn/good/92424.html,空舰导弹机载火控雷达定型试验规程,1990-08-15,1991-03-01,中国航空综合技术研究所,有效,"本规程规定了空舰导弹机载火控雷达（以下简称雷达） 的进场条件、试验的预先准备和技术准备的内容、试验项目和方法、试验数据的录取要求和数据处理方法、试验结果的评定方法以及试验报告的编制原则等。
本规程适用于雷达在靶场进行设计定型和生产定型试验。
					"
GJB 5670-2006,https://www.rongrong.cn/good/88191.html,雷达对抗无源探测定位系统通用规范,2006-05-17,2006-10-01,中国航空综合技术研究所,有效,"本规范规定了地面雷达对抗无源探测定位系统的通用技术要求、质量保证规定和交货准备等。
本规范适用于由多个地面雷达对抗侦察站组成的雷达对抗无源探测定位系统（以下简称系统）的研制、生产和检验，是拟制产品规范的基本依据。
					"
GJB 4664-1994(GJBz 20229-1994),https://www.rongrong.cn/good/91038.html,防雷达侦察伪装遮障通用规范,1994-08-22,1995-02-01,中国航空综合技术研究所,有效,"本规范规定了防雷达侦察伪装遮障 以下简称伪装遮障的产品分类通用技术要求、试验方法、检验规则、标志、包装、运输和贮存等规则。
本规范适用于防雷达侦察伪装网，也适用于对雷达波透射的防光学侦察伪装网。
					"
GJB 4724-1996(GJBz 20320-1996),https://www.rongrong.cn/good/91408.html,伪装器材防雷达性能野外测试规程,1996-02-09,1996-06-01,中国航空综合技术研究所,有效,"本标准规定了伪装器材的防雷达性能野外测试的要求和方法。
本标准适用于伪装器材的雷达截面积、后向散射系数及传输衰减等性能参数的野外测试也适用于雷达目标与背景的特性测量。
					"
GJB 3961-2000,https://www.rongrong.cn/good/90004.html,对空情报雷达天线罩通用规范,2000-04-24,2000-09-01,中国航空综合技术研究所,有效,"本标准规定了对空情报雷达天线罩（以下简称天线罩）的分类与命名、性能指标、安装要求、使用与维护、检验验收及试验方法等内容。
本标准适用于对空情报雷达天线罩设计、制造、安装、检验验收、使用及维护，其他地面雷达天线罩亦可参照使用。
					"
GJB 5669-2006,https://www.rongrong.cn/good/87672.html,雷达对抗地面检测设备通用规范,2006-05-17,2006-10-01,中国航空综合技术研究所,有效,"本规范规定了雷达对抗地面检测设备的技术要求、质量规定、交货准备等。
本规范适用于雷达对抗地面检测设备（以下简称设备）的研制、生产和检验，是拟制产品规范的基本依据。
本规范不适用于雷达无源干扰地面检测设备。
					"
GJB 530-1988,https://www.rongrong.cn/good/89765.html,反舰导弹末制导雷达海上试验规程,1988-06-22,1988-12-01,中国航空综合技术研究所,有效,"本规程规定了末制导雷达进场条件，试验的预先准备和技术准备，试验项目和方法，试验的数据处理和结果评定原则等。
本规程适用于舰对舰、岸对舰、空对舰导弹的末制导雷达（以下简称雷达）在研制阶段试样样机的海上试验。
					"
GJB 2092-1994,https://www.rongrong.cn/good/87056.html,雷达对抗设备战术技术要求项目格式,1994-09-12,1995-04-01,中国航空综合技术研究所,有效,"本标准规定了拟制雷达对抗设备战术技术要求的项目格式。本标准适用于新型和改型雷达对抗设备，是制订和论证战术技术指标要求应遵循的基本依据。在制定雷达对抗设备的产品规范时亦可参照使用。
					"
GJB 2246-1994,https://www.rongrong.cn/good/91285.html,脉冲测量雷达事后数据处理方法,1994-12-13,1995-07-01,中国航空综合技术研究所,有效,"本标准规定了导弹、航天器飞行试验用脉冲测量雷达时序测量数据的事后数据处理方法。本标准适用于地地导弹、航天器飞行试验时，脉冲测量雷达测量数据的事后处理。其它武器试验的脉冲测量雷达测量数据的事后处理，也可参照使用。
					"
GJB 2644-1996,https://www.rongrong.cn/good/89963.html,面空导弹雷达导引头通用规范,1996-06-04,1996-12-01,中国航空综合技术研究所,有效,"本规范规定了面空导弹雷达导引头通用技术要求、质量保证规定和交货准备。本规范适用于面空导弹雷达导引头（以下简称导引头）的设计、制造、试验和验收。空空导弹雷达导引头也可参照使用。
					"
GJB 3961A-2015,https://www.rongrong.cn/good/89278.html,对空情报雷达天线罩通用规范,2015-06-19,2015-10-01,中国航空综合技术研究所,有效,"本规范规定了对空情报雷达天线罩的通用要求、质量保证规定和交货准备等。
本规范适用于地面对空情报雷达天线罩（以下简称天线罩）的研制、生产和检验，其他地面雷达天线罩亦可参照使用。
					"
GJB 4257-2001,https://www.rongrong.cn/good/87229.html,军用雷达测距机用模块规范,2002-01-11,2002-05-01,中国航空综合技术研究所,有效,"本规范规定了军用雷达测距机用模块的划分、要求、质量保证规定和交货准备等。
本规范适用于军用地面、舰船雷达测距机用模块的研制、生产和使用。机载雷达测距机用模块可参照使用。
					"
GJB 4967-2003,https://www.rongrong.cn/good/88178.html,雷达对抗训练模拟设备通用规范,2003-07-21,2003-10-01,中国航空综合技术研究所,有效,"本规范规定了雷达对抗训练模拟设备的基本要求、质量保证规定及交货准备等。
本规范适用于雷达对抗训练模拟设备（以下简称模拟设备）。
本规范不适用于雷达无源干扰训练模拟设备。
					"
GJB 3760-1999,https://www.rongrong.cn/good/90395.html,军用雷达模块化通用要求,1999-03-24,1999-09-01,中国航空综合技术研究所,有效,"本标准规定了军用雷达模块化和模块（含模块组，下同）的一般要求及模块的详细要求。
本标准适用于军用地面、舰船和机载雷达模块的研制、生产和使用。
本标准不适用于弹载和星载雷达的模块。
					"
GJB 2038-1994,https://www.rongrong.cn/good/90898.html,雷达吸波材料反射率测试方法,1994-09-12,1995-04-01,中国航空综合技术研究所,有效,"本标准规定了测量雷达吸波材料反射率的基本要求和常用的三种方法。
本标准适用于8～18GHz 频率范围内，雷达吸波材料反射率的测量。其他频段的雷达吸波材料反射率测量亦可参照使用。
					"
GJB 2644A-2015,https://www.rongrong.cn/good/149436.html,面空导弹雷达导引头通用规范,2015-12-19,2016-03-01,中国航空综合技术研究所,有效,"本规范规定了面空导弹雷达导引头的要求，质量保证规定和交货准备。本规范适用于面空导弹雷达导引头（以下简称导引头）的设计、制造、试验和验收。空空导弹雷达导引头也可参照执行。
					"
GJB 2088A-2002,https://www.rongrong.cn/good/87180.html,压制性雷达干扰机通用规范,2002-07-19,2002-12-01,中国航空综合技术研究所,有效,"本规范规定了压制性雷达干扰机的技术要求、质量保证规定、交货准备等。本规范适用于地面、舰船、机载压制性雷达干扰机（以下简称干扰机或产品），作为产品研制、生产、验收和拟制产品规范的基本依据。其它平台的压制性雷达干扰机可参照使用。
					"
GJB 2678A-2019,https://www.rongrong.cn/good/543405.html,雷达发射分系统性能测试方法,2019-12-08,2020-01-01,中国航空综合技术研究所,有效,"本标准规定了雷达发射分系统主要性能的测试方法。
本标准适用于集中式雷达发射分系统和分布式雷达发射分系统发射通道研制、生产、试验、使用过程中主要性能的测试。
					"
GJB 2137.4-1994,https://www.rongrong.cn/good/97479.html,机载雷达通用要求 产品规范项目格式,1994-12-13,1995-07-01,中国航空综合技术研究所,有效,"本标准规定了机载雷达产品规范的通用项目格式，是制定机载雷达产品规范或技术条件的基本依据。
本标准适用于机载雷达。
					"
GJB 701.5-1989,https://www.rongrong.cn/good/95393.html,地面雷达情报处理和传递系统通用技术条件  系统设计要求,1989-08-24,1989-12-31,中国航空综合技术研究所,有效,"本标准规定了地面雷达情报处理和传递系统的系统设计要求。
本标准适用于各级地面雷达情报处理和传递系统。
					"
GJB 5027-2003,https://www.rongrong.cn/good/89853.html,室外场雷达目标散射特性测试方法,2003-07-21,2003-10-01,中国航空综合技术研究所,有效,"本标准规定了室外雷达目标散射测试场静态测量雷达目标散射特性的测试方法。
本标准适用于导弹、卫星、飞机、舰船、车辆、靶标等全尺寸目标或部件，及其缩比模型的点频雷达散射截面测量、扫频雷达散射截面测量、高分辨成像测量和角闪烁测量。
					"
GJB 8959-2017,https://www.rongrong.cn/good/188736.html,机载相控阵火控雷达通用规范,2017-05-18,2017-07-01,中国航空综合技术研究所,有效,"本规范规定了机载相控阵火控雷达的通用技术要求、质量保证规定和交货准备等。
本规范适用于歼击机、歼击轰炸机、轰炸机、强击机等飞机机载相控阵火控雷达（以下简称雷达）的研制、生产、检验验收和交付。无人机、直升机等机载相控阵火控雷达可参照执行。
					"
GJB 6180-2007,https://www.rongrong.cn/good/90074.html,空中目标雷达散射截面动态测试方法,2007-12-27,2007-12-27,中国航空综合技术研究所,有效,"本标准规定了空中目标雷达散射截面动态测量的基本要求、测试方法、测试程序、数据处理方法和测量结果不确定度估算。
本标准适用于单站、窄带雷达对飞行状态下飞机后向雷达散射截面的动态测量，对其它空中目标、双站雷达散射截面、极化特性的动态测量，可参照执行。
					"
GJB 5201-2004,https://www.rongrong.cn/good/91812.html,雷达敌我识别器系统试验场试验要求,2004-09-20,2005-01-01,中国航空综合技术研究所,有效,"本标准规定了在试验场对雷达敌我识别器系统进行考核试验的基本要求和主要战术技术指标试验要求。
本标准适用于雷达敌我识别器系统试验场试验，是制定试验大纲和编写雷达敌我识别器产品规范的依据。雷达敌我识别器研制、生产单位和其它单位自行组织的试验可参照使用。
					"
GJB 2956-1997,https://www.rongrong.cn/good/90655.html,末制导雷达抗舰载无源干扰试验规程,1997-06-25,1997-12-01,中国航空综合技术研究所,有效,"本规程规定了反舰导弹末制导雷达（被试雷达）抗无源箔条干扰试验的一般程序、试验准备事项、被试雷达进场条件、试验项目、试验方法和结果评定的基本原则。本规程适用于反舰导弹末制导雷达抗无源箔条干扰鉴定性试验，研制性试验可参照执行。
					"
GJB 6602-2008,https://www.rongrong.cn/good/87882.html,炮兵防空兵气象雷达部队试验规程,2008-10-31,2008-12-01,中国航空综合技术研究所,有效,"本标准规定了炮兵防空兵气象雷达部队试验的基本要求、试验项目和试验方法、试验结果评定、试验报告编写。
本标准适用于炮兵防空兵气象雷达（以下简称气象雷达）设计定型阶段的部队试验。生产定型阶段的部队试用、加装（换装）气象雷达部队试验也可参照执行。
					"
GJB 428A-2009,https://www.rongrong.cn/good/89071.html,舰炮跟踪雷达设计定型试验规程,2009-05-25,2009-08-01,中国航空综合技术研究所,有效,"本标准规定了舰炮跟踪雷达设计定型试验的条件、项目、方法和程序。
本标准适用于机械扫描舰炮跟踪雷达的设计定型试验和鉴定试验，其科研性试验、批检试验可参照执行，电子扫描的舰炮跟踪雷达或其它跟踪雷达的设计定型试验和鉴定试验也可参考该标准执行。
					"
GJB 5781-2006,https://www.rongrong.cn/good/134877.html,军用地面雷达用户技术资料编制要求,2006-10-20,2007-01-01,中国航空综合技术研究所,有效,"本标准规定了军用地面雷达用户技术资料（以下简称技术资料）的构成、编号、主要内容、编制程序、各项目的构成要素及出版印刷等通用要求。
本标准适用于军用地面雷达（以下简称雷达）技术资料的编制，亦适用于雷达配套设备和附属设备技术资料的编制。
					"
GJB 86.1-1986,https://www.rongrong.cn/good/134774.html,机载火控雷达战术性能定型试验规程  总则,1986-01-23,1986-10-01,中国航空综合技术研究所,有效,"本标准规定了机载火控雷达战术性能定型试验的规则和方法。适用于脉冲体制的机载火控雷达，对于新体制的机载火控雷达也可参考本标准的试验方法进行试验。
本标准不包括机载火控雷达的战术性能指标，其指标以上级机关批准的战术性能指标为准。
					"
GJB 701-1989,https://www.rongrong.cn/good/95386.html,地面雷达情报处理和传递系统通用技术条件（系列）1989版, , ,中国航空综合技术研究所,有效,"地面雷达情报处理和传递系统通用技术条件（系列）1989版
					"
GJB 1770.4-1993,https://www.rongrong.cn/good/97690.html,对空情报雷达维修性  维修保障的设计与评定,1993-09-30,1994-06-01,中国航空综合技术研究所,有效,"本标准规定了地面对空情报雷达（以下简称雷达）维修保障的设计与评定的原则、方法和程序，作为进行雷达维修保障设计与评定的基本依据。
本标准适用于地面对空情报雷达，其配套设备亦可参照使用。
					"
GJB 5303-2004,https://www.rongrong.cn/good/92196.html,炮兵雷达训练模拟器通用规范,2004-12-21,2005-05-01,中国航空综合技术研究所,有效,"本规范规定了炮兵雷达训练模拟器（以下简称模拟器）的通用要求。
本规范适用于活动目标侦察校射雷达、炮位侦察校射雷达和对海侦察校射雷达训练模拟器。
					"
GJB 701.4-1989,https://www.rongrong.cn/good/95392.html,地面雷达情报处理和传递系统通用技术条件  技术条件项目格式,1989-08-24,1989-12-31,中国航空综合技术研究所,有效,"本标准规定了地面雷达情报处理和传递系统技术条件的通用项目和格式。
本标准适用于拟制《×××地面雷达情报处理和传递系统技术条件》或《×××地面雷达情报处理和传递系统产品标准》之用。
					"
GJB 8257-2014,https://www.rongrong.cn/good/89833.html,通用雷达装备维修器材筹措供应标准编制要求,2014-10-21,2015-01-31,中国航空综合技术研究所,有效,"本标准规定了通用雷达装备（以下简称雷达装备）维修器材筹措供应标准编制的一般要求、程序和方法。
本标准适用于型号雷达装备维修器材筹措供应标准的制定。
					"
GJB 2226.1-1994,https://www.rongrong.cn/good/97520.html,舰载雷达情报系统通用要求  总则,1994-12-13,1995-07-01,中国航空综合技术研究所,有效,"本标准规定了《舰载雷达情报系统通用要求》系列标准的构成、使用原则和其它一般要求。
本标准适用于舰载雷达情报系统（以下简称系统）。
					"
GJB 1680-1993,https://www.rongrong.cn/good/89124.html,机载火控雷达罩通用规范,1993-09-30,1994-06-01,中国航空综合技术研究所,有效,"本规范规定了飞机火控雷达罩性能、设计、制造和质量控制的通用要求。
本规范适用于歼击机、强击机和轰炸机等飞机火控雷达罩。
					"
GJB 428-1988,https://www.rongrong.cn/good/90703.html,舰炮跟踪雷达设计定型试验规程,1988-01-25,1988-05-01,中国航空综合技术研究所,有效,"本规程适用于舰炮跟踪雷达在海军试验基地进行的设计定型试验。
本规程规定了舰炮跟踪雷达设计定型试验的条件、项目、方法和程序，是研制、试验和使用各方共同遵守的技术法规。
					"
GJB 4272-2001,https://www.rongrong.cn/good/88265.html,雷达对抗信号复制器通用规范,2002-01-11,2002-05-01,中国航空综合技术研究所,有效,"本规范规定了雷达对抗信号复制器的技术要求、质量保证规定、交货准备等。
本规范适用于雷达对抗信号复制器（以下简称复制器），作为产品研制、生产、试验和拟制产品规范的依据。
					"
GJB 1289-1991,https://www.rongrong.cn/good/88230.html,战场侦察雷达战术性能试验方法,1991-12-23,1992-09-01,中国航空综合技术研究所,有效,"本标准规定了战场侦察雷达战术性能试验的条件和方法。
本标准适用于战场侦察雷达设汁定型、生产定型战术性能试验，也适用于批生产和重大技术改进后进行的战术性能试验。
					"
GJB 4975-2003,https://www.rongrong.cn/good/88796.html,雷达对抗相位干涉测向设备通用规范,2003-07-21,2003-10-01,中国航空综合技术研究所,有效,"本规范规定了雷达对抗相位干涉测向设备的通用技术要求、质量保证规定、交货准备等。
本规范适用于雷达对抗相位干涉测向设备（以下简称测向设备），作为测向设备研制、生产、检验和拟制产品规范的依据。
					"
GJB 6090-2007,https://www.rongrong.cn/good/89784.html,机载雷达对抗侦察设备定型试验规程,2007-08-06,2007-11-01,中国航空综合技术研究所,有效,"本标准规定了机载雷达对抗侦察设备在试验场进行定型试验的基本要求、试验项目和试验方法。
本标准适用于机载雷达对抗侦察设备（以下简称被试设备）设计定型试验或鉴定试验，其它试验可参照使用。
					"
GJB 865A-2004,https://www.rongrong.cn/good/88391.html,舰船雷达有源干扰设备定型试验规程,2004-09-20,2005-01-01,中国航空综合技术研究所,有效,"本标准规定了舰船雷达有源干扰设备在试验场进行设计定型（或鉴定）试验的条件、程序、项目、方法、数据处理和结果评定方法。
本标准适用于舰船雷达有源干扰设备（以下简称被试设备）的设计定型（或鉴定）试验，研制性试验亦可参照使用。
					"
GJB 8313-2015,https://www.rongrong.cn/good/87630.html,雷达对抗数字干扰源通用规范,2015-06-19,2015-10-01,中国航空综合技术研究所,有效,"本规范规定了雷达对抗数字干扰源的技术要求、质量保证规定和交货准备等。
本规范适用于地面、舰船、机载雷达对抗数字干扰源（以下简称干扰源）的研制、生产和检验。
					"
GJB 9352-2018,https://www.rongrong.cn/good/196345.html,星载合成孔径雷达内定标方法,2018-03-27,2018-08-01,中国航空综合技术研究所,有效,"本标准规定了星载合成孔径雷达内定标的内容、方法和精度评定。
本标准适用于星载合成孔径雷达（以下简称SAR）内定标的设计、数据分析处理和考核。
					"
GJB 2679A-2017,https://www.rongrong.cn/good/195188.html,雷达天线分系统性能测试方法 面天线尺寸,2017-09-12,2017-12-01,中国航空综合技术研究所,有效,"本标准规定了雷达天线分系统面天线尺寸的测试要求和测试方法。
本标准适用于雷达面天线研制、生产及验收时面天线尺寸的测试。
					"
GJB 9196-2017,https://www.rongrong.cn/good/189958.html,军用雷达数字波束形成用模块规范,2017-09-12,2017-12-01,中国航空综合技术研究所,有效,"本规范规定了军用雷达数字波束形成用模块的要求、质量保证规定和交货准备等。
本规范适用于军用雷达数字波束形成用模块的研制、生产和验收。
					"
GJB 9184-2017,https://www.rongrong.cn/good/195170.html,地面雷达模块总线和接口通用要求,2017-09-12,2017-12-01,中国航空综合技术研究所,有效,"本标准规定了地面雷达模块总线、接口和模块要求，以及相关使用要求。
本标准适用于地面雷达模块总线、接口和模块的设计。
					"
GJB 9400-2018,https://www.rongrong.cn/good/196164.html,直升机载雷达告警设备试验场试验方法,2018-03-27,2018-08-01,中国航空综合技术研究所,有效,"本标准规定了直升机载雷达告警设备试验场试验的基本要求、试验项目、试验方法等。
本标准适用于直升机载雷达告警设备（以下简称被试设备）在试验场进行的定型（鉴定）试验，其他试验可参照使用。
					"
GJB 403.8-1987,https://www.rongrong.cn/good/96530.html,舰载雷达通用技术条件  检验规则,1987-11-03,1988-06-01,中国航空综合技术研究所,有效,"本标准规定了舰载雷达的通用检验规则，作为编制舰载雷达设备技术条件检验规则和对设备进行鉴定、定型和批量生产时质量检验的基本依据。
					"
GJB 403.4-1987,https://www.rongrong.cn/good/96526.html,舰载雷达通用技术条件  环境要求,1987-11-03,1988-06-01,中国航空综合技术研究所,有效,"本标准规定了舰载雷达设备的环境要求及试验方法。作为制定各种舰载雷达设备技术条件有关环境条件要求及环境试验方法部分的基本依据。
					"
GJB 1114-1991,https://www.rongrong.cn/good/90177.html,舰载雷达对抗系统定型（鉴定）试验规程,1991-10-18,1992-06-01,中国航空综合技术研究所,有效,"本标准规定了舰载雷达对抗系统进靶场试验的条件、项目、方法、数据处理及编写试验报告的基本原则。
本标准适用于舰载雷达对抗系统定型（鉴定）试验。
					"
GJB 4408-2002,https://www.rongrong.cn/good/87044.html,军用雷达频率源用模块规范,2002-07-19,2002-12-01,中国航空综合技术研究所,有效,"本规范规定了军用雷达频率源用模块的划分、要求、质量保证规定和交货准备。
本规范适用于军用地面、舰船雷达频率源用模块的研制、生产和使用。
					"
GJB 2226.4-1994,https://www.rongrong.cn/good/97523.html,舰载雷达情报系统通用要求  技术条件项目格式,1994-12-13,1995-07-01,中国航空综合技术研究所,废止,"本标准规定了舰载雷达情报系统技术条件的项目格式和编写要求。
本标准适用于各型号舰载雷达情报系统，是研制过程中拟制技术条件或产品规范（以下简称技术条件）的基本依据。
					"
GJB 3964-2000,https://www.rongrong.cn/good/88450.html,机载雷达告警设备通用规范,2000-04-24,2000-09-01,中国航空综合技术研究所,有效,"本规范规定了机载雷达告警设备的通用技术要求、质量保证规定、交货准备等。
本规范适用于机载雷达告警设备（以下简称设备），是研制、生产、检验验收及制定产品规范的基本依据。
					"
GJB 6077-2007,https://www.rongrong.cn/good/89371.html,中层大气中频探测雷达通用规范,2007-08-06,2007-11-01,中国航空综合技术研究所,有效,"本规范规定了中层大气中频探测雷达的通用要求、质量保证规定、交货准备等。
本规范适用于中层大气中频探测雷达的研制、生产、验收和使用。
					"
GJB 9320-2018,https://www.rongrong.cn/good/196187.html,声探测气象雷达定型试验规程,2018-03-27,2018-08-01,中国航空综合技术研究所,有效,"本标准规定了声探测气象雷达定型试验项目、方法、数据处理与结果评定等。
本标准适用于声探测气象雷达设计定型基地试验，其他性质试验可参照使用。
					"
GJB 9415-2018,https://www.rongrong.cn/good/196156.html,地面雷达频率综合器通用规范,2018-03-27,2018-08-01,中国航空综合技术研究所,有效,"本规范规定了地面雷达频率综合器的要求、质量保证规定和交货准备。
本规范适用于地面雷达频率综合器的研制、生产和检验。
					"
GJB 4645-1993(GJBz 20195-1993),https://www.rongrong.cn/good/90232.html,军用地面雷达阵地选择规范,1993-12-17,1994-05-01,中国航空综合技术研究所,有效,"本标准规定了军用地面雷达阵地选择的基本要求和方法步骤。
本标准适用于选择雷达的基本阵地、预备阵地、待用阵地和临时阵地。
					"
GJB 6692-2009,https://www.rongrong.cn/good/89572.html,机载合成孔径雷达通用规范,2009-05-25,2009-08-01,中国航空综合技术研究所,有效,"本规范规定了机载合成孔径雷达的通用技术要求、质量保证规定和交货准备等。
本规范适用于军用飞机上装备的机载合成孔径雷达（以下简称机载SAR），其他SAR可参照执行。
					"
GJB 583-1988,https://www.rongrong.cn/good/94032.html,雷达天线用云母陶瓷材料,1988-08-12,1989-01-01,中国航空综合技术研究所,废止,"本标准规定了雷达天线用云母陶瓷材料的定义、代号、规格尺寸、技术要求、试验方法、检验规则、包装和标志。
本标准适用于多种类型的雷达天线用云母陶瓷材料。
					"
GJB 4974-2003,https://www.rongrong.cn/good/87098.html,军用雷达监控分系统用模块规范,2003-07-21,2003-10-01,中国航空综合技术研究所,有效,"本规范规定了军用雷达监控分系统用模块的划分、要求、质量保证规定和交货准备等。
本规范适用于军用雷达监控分系统用模块的研制、生产和使用。
					"
GJB 6885-2009,https://www.rongrong.cn/good/86828.html,军用雷达终端分系统用模块规范,2009-12-22,2010-04-01,中国航空综合技术研究所,有效,"本规范规定了军用雷达终端分系统用模块的划分、主要性能指标、质量保证规定和交货准备等。
本规范适用于军用雷达终端分系统用模块的研制、生产、验收和使用。
					"
GJB 1114A-2006,https://www.rongrong.cn/good/88820.html,舰船雷达对抗系统定型试验规程,2006-05-17,2006-10-01,中国航空综合技术研究所,有效,"本标准规定了舰船雷达对抗系统在试验场进行设计定型试验的基本要求、项目、方法、数据处理和结果评定方法。
本标准适用于舰船雷达对抗系统（以下简称系统）的设计定型或鉴定试验。
					"
GJB 5407-2005,https://www.rongrong.cn/good/88927.html,靶场脉冲测量雷达通用规范,2005-06-28,2005-10-01,中国航空综合技术研究所,有效,"本规范规定了靶场脉冲测量雷达的通用技术条件、质量保证规定及交货准备方面的共性要求。
本规范适用于靶场脉冲测量雷达的合同签订、设计、研制、生产、交付和验收。
					"
GJB 9053-2017,https://www.rongrong.cn/good/190121.html,星载合成孔径雷达辅助数据要求,2017-09-12,2017-12-01,中国航空综合技术研究所,有效,"本标准规定了星载合成孔径雷达辅助数据的组成和内容要求。
本标准适用于星载合成孔径雷达（以下简称SAR）的设计研制和地面成像处理。
					"
GJB 1904.3-1996,https://www.rongrong.cn/good/97410.html,雷达终端分系统性能测试方法录取器,1996-10-03,1997-05-01,中国航空综合技术研究所,废止,"本标准规定了雷达终端分系统录取器性能指标的测试方法。
本标准适用于雷达终端分系统的录取器，是录取器性能测试的统一依据。
					"
GJB 1904.2-1996,https://www.rongrong.cn/good/97409.html,雷达终端分系统性能测试方法  航迹处理能力,1996-06-04,1996-12-01,中国航空综合技术研究所,有效,"本标准规定了雷达终端分系统航迹处理能力的测试方法。
本标准适用于雷达终端分系统的航迹处理设备，是航迹处理能力测试方法的基本依据。本标准不适用于弹道数据处理的测试。
					"
GJB 1904.1-1994,https://www.rongrong.cn/good/97408.html,雷达终端分系统性能测试方法  显示器画面,1994-04-28,1994-12-01,中国航空综合技术研究所,废止,"本标准规定了军用雷达终端显示器（以下简称显示器）画面质量参数的测试方法。
本标准适用于军用雷达终端CRT显示器设备在研制、设计、生产、使用等阶段中对画面质量参数的测试。
					"
GJB 5096-2004,https://www.rongrong.cn/good/87665.html,机载雷达有源干扰吊舱通用规范,2004-03-10,2004-07-01,中国航空综合技术研究所,有效,"本规范规定了机载雷达有源干扰吊舱的技术要求、质量保证规定和交货准备等。
本规范适用于机载雷达有源干扰吊舱（以下简称吊舱）的论证、研制、生产和检验，是拟制产品规范的依据。
					"
GJB 3761-1999,https://www.rongrong.cn/good/87654.html,军用雷达接收机用模块规范,1999-03-24,1999-09-01,中国航空综合技术研究所,有效,"本规范规定了军用雷达接收机用模块的划分，要求、质量保证规定和交货准备。
本规范适用于军用地面、舰船雷达接收机用模块的研制、生产和使用。
					"
GJB 2397-1995,https://www.rongrong.cn/good/90224.html,雷达告警设备技术参数测试方法,1995-05-31,1995-12-01,中国航空综合技术研究所,有效,"本标准规定了雷达告警设备主要技术参数的测试方法。本标准适用于雷达告警设备（简称RWR），作为测试技术参数和编制产品规范的基本依据。
					"
GJB 8312-2015,https://www.rongrong.cn/good/87173.html,舰船雷达对抗系统通用规范,2015-06-19,2015-10-01,中国航空综合技术研究所,有效,"本规范规定了舰船雷达对抗系统的通用技术要求、质量保证规定和交货准备。
本规范适用于水面舰船雷达对抗系统（以下简称系统）的研制、生产和检验。
					"
GJB 5281-2004,https://www.rongrong.cn/good/91816.html,军用地面雷达阵地反侦察要求,2004-12-21,2005-05-01,中国航空综合技术研究所,有效,"本标准规定了军用地面雷达阵地修建、使用、管理等反侦察要求以及反侦察效果评估方法。
本标准适用于军用地面雷达阵地反侦察，其他阵地的反侦察要求可参照使用。
					"
GJB 3863-1999,https://www.rongrong.cn/good/87940.html,军用雷达差动汇流环用模块规范,1999-08-03,2000-01-01,中国航空综合技术研究所,有效,"本规范规定了军用雷达差动汇流环用模块的划分、主要指标、结构尺寸、质量保证规定和交货准备等。
本规范适用于军用雷达差动汇流环用模块的研制、生产和使用。
					"
GJB 7211-2011,https://www.rongrong.cn/good/87358.html,气球载有源雷达假目标通用规范,2011-01-20,2011-04-01,中国航空综合技术研究所,有效,"本规范规定了气球载有源雷达假目标设备的技术要求、质量保证规定和交货准备等。
本规范适用于气球载有源雷达假目标设备（以下简称假目标设备）的研制、生产和检验，是拟制产品规范的依据。
					"
GJB 4413A-2017,https://www.rongrong.cn/good/190168.html,雷达方舱运输平台通用规范,2017-09-12,2017-12-01,中国航空综合技术研究所,有效,"本规范规定了雷达方舱运输平台的通用要求。
本规范适用于汽车运输的雷达方舱运输平台（以下简称为运输平台），其他类别方舱运输平台可参照使用。
					"
GJB 403.9-1987,https://www.rongrong.cn/good/96531.html,舰载雷达通用技术条件  包装、运输及贮存,1987-11-03,1988-06-01,中国航空综合技术研究所,有效,"本标准规定了舰载雷达设备的包装、运输、贮存要求及包装试验方法。它是制订舰载雷达设备技术条件相应部分的基础和选用依据。
					"
GJB 3454-1998,https://www.rongrong.cn/good/88755.html,雷达对抗信道化接收机通用规范,1998-07-27,1999-01-01,中国航空综合技术研究所,有效,"本规范规定了雷达对抗信道化接收机的技术要求、质量保证规定、交货准备等。本规范适用于雷达对抗信道化接收机（以下简称接收机），作为制定产品规范的依据。
					"
GJB 6084-2007,https://www.rongrong.cn/good/87525.html,雷达对抗数字化接收机通用规范,2007-08-06,2007-11-01,中国航空综合技术研究所,有效,"本规范规定了雷达对抗数字化接收机的通用要求、质量保证规定、交货准备等。
本规范适用于雷达对抗数字化接收机（以下简称接收机）的研制、生产和检验，是拟制产品规范的基本依据。
					"
GJB 5778-2006,https://www.rongrong.cn/good/87725.html,机载脉冲多普勒火控雷达通用规范,2006-10-20,2007-01-01,中国航空综合技术研究所,有效,"本规范规定了机载脉冲多普勒火控雷达的通用要求、质量保证规定和交货准备。
本规范适用于脉冲多普勒体制的机载火控雷达的研制、生产和检验验收。
					"
GJB 5378-2005,https://www.rongrong.cn/good/86758.html,军用雷达数字信号处理用模块规范,2005-06-28,2005-10-01,中国航空综合技术研究所,有效,"本规范规定了军用雷达数字信号处理用模块的划分、主要技术指标、质量保证规定和交货准备等。
本规范适用于军用雷达数字信号处理用模块（以下简称模块）的研制、生产、验收和使用。
					"
GJB 4345-2002,https://www.rongrong.cn/good/86757.html,雷达对抗侦察设备通用规范,2002-07-19,2002-12-01,中国航空综合技术研究所,有效,"本规范规定了雷达对抗侦察设备的技术要求、质量保证规定、交货准备等。
本规范适用于雷达对抗侦察设备（以下简称设备），作为设备研制、生产、试验和拟制产品规范的依据。
					"
GJB 1289A-2001,https://www.rongrong.cn/good/87909.html,战场侦察雷达战术性能试验方法,2002-01-11,2002-05-01,中国航空综合技术研究所,有效,"本标准规定了战场侦察雷达战术性能试验的条件和方法。
本标准适用于战场侦察雷达的设计定型、生产定型战术性能试验，也适用于批生产和重大技术改进后进行的战术性能试验。
					"
GJB 7617-2012,https://www.rongrong.cn/good/90321.html,直升机载毫米波火控雷达通用要求,2012-07-24,2012-09-01,中国航空综合技术研究所,有效,"本标准规定了毫米波火控雷达的通用要求。
本标准适用于直升机机载毫米波火控雷达的论证、研制和选型。
					"
GJB 7200-2011,https://www.rongrong.cn/good/89001.html,机载雷达无源干扰吊舱通用规范,2011-01-20,2011-04-01,中国航空综合技术研究所,有效,"本规范规定了机载雷达无源干扰吊舱的技术要求、质量保证规定和交货准备等。
本规范适用于机载雷达无源干扰吊舱（以下简称吊舱）的论证、研制、生产和检验，是拟制产品规范的基本依据。
					"
GJB 3448-1998,https://www.rongrong.cn/good/88569.html,雷达对抗比幅测向设备通用规范,1998-07-27,1999-01-01,中国航空综合技术研究所,废止,"本规范规定了雷达对抗比幅测向设备的技术要求、质量保证规定、交货准备等。本规范适用于雷达对抗比幅测向设备（以下简称测向设备），是制定产品规范的依据。
					"
GJB 9031-2017,https://www.rongrong.cn/good/190113.html,舰船雷达密闭机柜规范,2017-09-12,2017-12-01,中国航空综合技术研究所,有效,"本规范规定了舰船雷达密闭机柜通用技术要求、质量保证和交货准备等。
本规范适用于舰船舱室内雷达密闭机柜（以下简称机柜）的研制、生产和检验。
					"
GJB 9207-2017,https://www.rongrong.cn/good/189963.html,数字阵列雷达光传输分系统通用规范,2017-09-12,2017-12-01,中国航空综合技术研究所,有效,"本规范规定了数字阵列雷达光传输分系统的通用要求、质量保证规定和交货准备等。
本规范适用于数字阵列雷达光传输分系统（以下简称光传输分系统）的研制、生产和检验。
					"
GJB 2825-1997,https://www.rongrong.cn/good/88737.html,军用雷达机柜、插箱、插件模块化要求,1997-05-23,1997-12-01,中国航空综合技术研究所,有效,"本标准规定了军用雷达机柜、显控台、插箱（含安装显示管的插箱。下同）、插件模块化的基本尺寸系列、互换性及安装尺寸等要求。适用范围本标准适用于地面雷达和水面舰船雷达，本标准无面板插件的要求也适用于机载雷达。潜艇雷达可参照使用。本标准不适用于面板宽度大于609.6mm的机柜和插箱。
					"
GJB 8807-2015,https://www.rongrong.cn/good/189896.html,室内场缩比目标雷达散射截面测试方法,2015-12-19,2016-03-01,中国航空综合技术研究所,有效,"本标准规定了室内场条件下，测量缩比目标及某些全尺寸部件的雷达散射截面的方法。
本标准适用于在普通微波暗室及紧缩场内，进行飞机、导弹等缩比目标模型及某些全尺寸部件的点频、扫频雷达散射截面、复量雷达散射截面、极化散射矩阵及高分辨力微波成像测量。
					"
GJB 3070-1997,https://www.rongrong.cn/good/87122.html,欺骗性雷达干扰机技术参数测试方法,1997-11-05,1998-05-01,中国航空综合技术研究所,有效,"本标准规定了欺骗性雷达干扰机主要技术参数的测试方法。本标准适用于具有距离跟踪欺骗、角度跟踪欺骗、速度跟踪欺骗和雷达有源假目标、两点源相干干扰等干扰能力的欺骗性雷达干扰机。对其他电子对抗设备类似的欺骗性干扰技术参数进行测试时，亦可参照执行。
					"
GJB 87-1986,https://www.rongrong.cn/good/134917.html,机载火控雷达交联试验、装机试验规则,1986-01-23,1986-10-01,中国航空综合技术研究所,有效,"本规则规定了机载火控雷达与火控系统及其他设备之间的交联配套装机时主要试验项目、条件及方法，作为飞机研制单位实施交联试验、装机试验的基本依据。
适用于机载火控雷达设计定型试验。对于多功能新体制雷达，飞机研制单位，参照本规则拟定方案组织实施。本规则与GJB 85—86《机载电子设备定型试验要求》一并执行。
					"
GJB 793-1990,https://www.rongrong.cn/good/90894.html,末制导雷达抗有源干扰陆上试验规程,1990-01-10,1990-06-01,中国航空综合技术研究所,有效,"本标准规定了反舰导弹末制导雷达抗有源干扰试验的进场条件、试验准备、试验项目、试验方法、评定标准和实施程序。
本标准适用于反舰导弹末制导雷达（以下简称雷达）抗有源干扰的研制性试验和鉴定性试验。
本标准适用于抗斯骗干扰试验、抗杂波干扰试验、抗同频异步干扰试验、其它有源干扰试验、可参照执行。
					"
GJB 888-1990,https://www.rongrong.cn/good/87053.html,雷达对抗设备通用显示字符和显示格式,1990-10-31,1991-04-01,中国航空综合技术研究所,有效,"本标准规定了雷达对抗设备通用显示字符和显示格式，包括各种字符的用途、几何形状和尺寸；常用表格显示和图形显示的内容和格式。
本标准适用于陆、海、空军雷达对抗设备终端显示器。作为设计、制造、使用和维修的依据。在特殊场合下使用的雷达对抗终端显示器亦可参照执行。
					"
GJB 3722-1999,https://www.rongrong.cn/good/88894.html,舰用雷达侦察机定型试验规程,1999-03-24,1999-09-01,中国航空综合技术研究所,有效,"本标准规定了舰用雷达侦察机的进场试验条件、准备、项目、方法和程序:数据处理要求和结果分析方法；编写试验大纲和结果报告的基本原则，以及对被试产品的评定标准。
本标准适用于舰用雷达侦察机设计定型试验、鉴定性试验。舰用雷达侦察机研制性试验亦应参照使用。
					"
GJB 9558-2018,https://www.rongrong.cn/good/288366.html,地面装备室外场雷达散射特性 变俯角测试方法,2018-11-19,2019-03-01,中国航空综合技术研究所,有效,"本标准规定了室外场静态雷达目标散射特性变俯角测试的测试系统、测试要求、测试程序和数据处理方法。
本标准适用于全尺寸地面装备、部件或缩比模型，在低散射背景或模拟典型背景环境下的方位/俯角角域雷达散射特性变俯角测试。其他目标的雷达散射特性变俯角测试可参照执行。
					"
GJB 257-1987,https://www.rongrong.cn/good/89155.html,岸舰导弹地面雷达定型试验规程,1987-02-17,1987-09-01,中国航空综合技术研究所,废止,"本规程的内容包括：地面雷达的进场条件、试验的预先准备和技术准备、试验项目和方法、试验数据的录取和处理、试验结果评定以及试验结果报告的编写等。本规程是在靶场进行岸舰导弹地面雷达设计定型和生产定型试验的依据。地面雷达的抗干扰试验，归口在相应的规程中统一编写，本规程不涉及此项试验的内容。
					"
GJB 887-1990,https://www.rongrong.cn/good/89838.html,军用地面雷达抗地杂波性能测试方法,1990-10-31,1991-04-01,中国航空综合技术研究所,有效,"本标准规定了利用动目标模拟信号和地杂波测试军用地面雷达抗地杂波性能的方法。
本标准适用于定型、批生产和经重大技术改进后的军用地面雷达抗地杂波性能的检验与测试。凡本标准未涉及的其他特殊技术体制和特殊使用方法的雷达亦应参照使用。
					"
GJB 888A-2000,https://www.rongrong.cn/good/87198.html,雷达对抗设备通用显示字符和显示格式,2000-04-24,2000-09-01,中国航空综合技术研究所,有效,"本标准规定了雷达对抗设备通用显示字符和显示格式，包括各种字符的用途、几何形状和尺寸；常用表格显示、图形显示的内容和格式。
本标准适用于陆、海、空军雷达对抗终端显示设备，是设计、制造、使用和维护的依据。在特殊场合下使用的雷达对抗终端显示器亦可参照使用。
					"
GJB 4817-1997(GJBz 20465-1997),https://www.rongrong.cn/good/90237.html,雷达装备通用维修规范,1997-10-31,1998-05-01,中国航空综合技术研究所,有效,"本标准规定了通用雷达装备（以下简称装备）的修理等级、修理范围、修理要求以及元器件、零部件进行修复或更换的质量判据等
本标准适用于经设计定型或生产定型的已装备陆军部队或后方仓库贮存的装备。编制型号装备修理技术规程或进行装备维修性与保障性设计亦可参照执行
					"
GJB 403.3-1987,https://www.rongrong.cn/good/96525.html,舰载雷达通用技术条件  设计制造要求,1987-11-03,1988-06-01,中国航空综合技术研究所,有效,"本标准是研究、设计制造舰载雷达设备时应遵循的基本原则；是拟制设备技术条件的基本依据。
					"
GJB 4630-1993(GJBz 20148-1993),https://www.rongrong.cn/good/88588.html,军用地面雷达随机文件构成和项目格式,1993-01-29,1993-08-01,中国航空综合技术研究所,废止,"本标准规定了军用地面雷达随机文件的构成和项目格式。
本标准适用于承制方作为编印随机文件的基本依据。
					"
GJB 3071-1997,https://www.rongrong.cn/good/89261.html,雷达天线分系统性能测试方法  极化  波束指向  收发隔离,1997-11-05,1998-05-01,中国航空综合技术研究所,有效,"本标准规定了雷达天线极化、波束指向和收发隔离的测试方法。本标准适用于雷达设计定型时雷达天线极化、波束指向和收发隔离的测试。批量生产、军检验收、重大技术改进与鉴定试验等，亦可参照使用。
					"
GJB 9403-2018,https://www.rongrong.cn/good/196162.html,地面雷达对抗无源探测定位系统定型试验规程,2018-03-27,2018-08-01,中国航空综合技术研究所,有效,"本标准规定了在基地进行地面雷达对抗无源探测定位系统定型试验的基本要求、试验项目和试验方法。
本标准适用于由3个（含）以上地面雷达对抗侦察站组成的、对辐射源进行定位的地面雷达对抗无源探测定位系统的定型试验。
					"
GJB 6091-2007,https://www.rongrong.cn/good/87579.html,弹道导弹导引雷达抗干扰内场仿真试验方法,2007-08-06,2007-11-01,中国航空综合技术研究所,有效,"本标准规定了弹道导弹导引雷达抗干扰内场仿真试验的基本要求、试验项目和试验方法。
本标准适用于弹道导弹末段主动导引雷达和中段被动导引雷达（简称被试设备）的抗干扰性能内场仿真试验。
					"
GJB 5175-2004,https://www.rongrong.cn/good/93507.html,合成孔径雷达数据处理系统通用要求,2004-09-20,2005-01-01,中国航空综合技术研究所,有效,"本标准规定了合成孔径雷达（SAR）数据地面处理系统的主要作战使用要求。
本标准适用于星载合成孔径雷达数据地面处理系统的论证。系统的研制、定购和使用可参照执行。机载合成孔径雷达数据地面处理系统也可参照执行。
					"
GJB 2088-1994,https://www.rongrong.cn/good/89473.html,压制性雷达干扰发射机技术参数测试方法,1994-09-12,1995-04-01,中国航空综合技术研究所,有效,"本标准规定了压制性雷达干扰发射机主要技术参数的测试方法。本标准适用于雷达对抗设备中的压制性雷达干扰发射机（以下简称发射机），是对其技术参数进行测试和编制产品规范的基本依据。
					"
GJB 3722A-2001,https://www.rongrong.cn/good/88158.html,舰船雷达对抗侦察设备试验场试验方法,2002-01-11,2002-05-01,中国航空综合技术研究所,有效,"本标准规定了舰船雷达对抗侦察设备在试验场的试验方法、试验数据处理和结果评定方法。
本标准适用于舰船雷达对抗侦察设备（以下简称被试设备）的研制性试验、鉴定试验、定型试验，对引进舰船雷达对抗侦察设备的验收试验可参照使用。
					"
GJB 9052-2017,https://www.rongrong.cn/good/190120.html,星载合成孔径雷达地面集成试验方法,2017-09-12,2017-12-01,中国航空综合技术研究所,有效,"本标准规定了星载合成孔径雷达地面集成试验的试验条件、项目和方法。
本标准适用于星载合成孔径雷达（以下简称SAR）的地面集成试验。其他合成孔径雷达的地面集成试验可参照使用。
					"
GJB 1381.2-1992,https://www.rongrong.cn/good/97930.html,导弹航天器试验外测设备的精度评定  脉冲雷达,1992-11-24,1993-08-01,中国航空综合技术研究所,有效,"本标准规定了导弹、航天器飞行试验所用的脉冲测量雷达的距离、角度测量精度和径向速度测量精密度的评定方法。
本标准适用于导弹、航天器试验所用的脉冲测量雷达的精度评定，其他雷达的精度评定也可参照使用。
					"
GJB 1770.2-1993,https://www.rongrong.cn/good/97688.html,对空情报雷达维修性  维修性的分配和预计方法,1993-09-30,1994-06-01,中国航空综合技术研究所,有效,"本标准规定了地而对空情报雷达（以下简称雷达）站级维修性定量要求中的平均修复时间、最大修复时间、故障检测率、故障隔离率的分配和预计方去。
本标准适用于地面对空情报雷达。其配套设备也可参照使用。
					"
GJB 3892-1999,https://www.rongrong.cn/good/88159.html,机载脉冲多普勒火控雷达检验验收规范,1999-11-25,2000-04-01,中国航空综合技术研究所,有效,"本标准规定了机载脉冲多普勒火控雷达检验验收的一般要求、规则、程序、方法及封存包装和贮存运输的要求。
本标准适用于订购的机载脉冲多普勒火控雷达的军检交付验收。返修雷达交付验收可参照执行。
					"
GJB 793A-2009,https://www.rongrong.cn/good/88104.html,反舰导弹末制导雷达抗有源干扰陆上试验规程,2009-12-22,2010-04-01,中国航空综合技术研究所,有效,"本标准规定了反舰导弹主动式末制导雷达抗有源干扰陆上试验的基本要求、试验项目和试验方法。
本标准适用于反舰导弹主动式末制导雷达（以下简称被试雷达）定型（或鉴定）试验中，在陆上进行的抗有源干扰试验。
					"
GJB 5304-2004,https://www.rongrong.cn/good/88281.html,直升机载雷达告警设备通用规范,2004-12-21,2005-05-01,中国航空综合技术研究所,有效,"本规范规定了直升机载雷达告警设备的通用技术要求、质量保证规定和交货准备等。
本规范适用于直升机载雷达告警设备（以下简称告警设备或产品）的研制、生产和检验，是拟制产品规范的基本依据。
					"
GJB 6085-2007,https://www.rongrong.cn/good/87384.html,雷达对抗多波束测向设备通用规范,2007-08-06,2007-11-01,中国航空综合技术研究所,有效,"本规范规定了雷达对抗多波束测向设备的技术要求、质量保证规定和交货准备等。
本规范适用于地面、舰船和机载雷达对抗多波束测向设备（以下简称设备）的研制、生产和检验，是拟制产品规范的基本依据。
					"
GJB 6733-2009,https://www.rongrong.cn/good/87529.html,投掷式雷达干扰机通用规范,2009-05-25,2009-08-01,中国航空综合技术研究所,有效,"本规范规定了投掷式雷达干扰机的技术要求、质量保证规定和交货准备等。
本规范适用于由炮弹、火箭弹或飞机（无人机）投放的雷达干扰机（以下简称干扰机）的研制、生产和检验，是拟制干扰机产品规范（简称产品规范）的基本依据。
					"
GJB 4273-2001,https://www.rongrong.cn/good/88456.html,雷达对抗脉内特征分析器通用规范,2002-01-11,2002-05-01,中国航空综合技术研究所,有效,"本规范规定了雷达对抗脉内特征分析器的技术要求、质量保证规定、交货准备等。
本规范适用于雷达对抗脉内特征分析器（以下简称分析器），作为产品研制、生产、试验和拟制产品规范的依据。
					"
GJB 7603-2012,https://www.rongrong.cn/good/134870.html,雷达指纹特征接收处理设备通用规范,2012-07-24,2012-09-01,中国航空综合技术研究所,有效,"本规范规定了雷达指纹特征接收处理设备的通用要求、质量保证规定、交货准备等。
本规范适用于地面、舰船载、机载平台的雷达指纹特征（以下简称指纹特征）接收处理设备的研制、生产、检验和验收，是拟制产品规范的基本依据。
					"
GJB 3453-1998,https://www.rongrong.cn/good/87302.html,雷达对抗指挥控制设备通用规范,1998-07-27,1999-01-01,中国航空综合技术研究所,有效,"本规范规定了雷达对抗指挥控制设备的通用要求、质量保证规定和交货准备等。
本规范适用于各类雷达对抗系统中的指挥控制设备（以下简称指控设备），是论证、研制、鉴定（定型）、生产、检验验收及制定产品规范的基本依据。
					"
GJB 5387-2005,https://www.rongrong.cn/good/87047.html,多波束雷达干扰设备通用规范,2005-06-28,2005-10-01,中国航空综合技术研究所,有效,"本规范规定了多波束雷达干扰设备的技术要求、质量保证规定、交货准备等。
本规范适用于地面、舰船、机载多波束雷达干扰设备（以下简称设备）论证、研制、生产、试验、检验，是拟制产品规范的基本依据。
					"
GJB 6739-2009,https://www.rongrong.cn/good/87973.html,弹道导弹载雷达干扰装置通用规范,2009-05-25,2009-08-01,中国航空综合技术研究所,有效,"本规范规定了弹道导弹载雷达干扰装置的基本要求、质量保证规定和交货准备等。
本规范适用于弹道导弹载雷达干扰装置（以下简称干扰装置）的研制、生产和检验，是拟制干扰装置产品规范（以下简称产品规范）的基本依据。
					"
GJB 643-1988,https://www.rongrong.cn/good/93651.html,通用雷达、指挥仪维修性规范,1988-12-27,1989-06-01,中国航空综合技术研究所,有效,"本标准规定了通用雷达、指挥仪（以下简称电子设备）的维修性管理程序，维修性的一般要求和维修性保障。
本标准适用于各军兵种通用的雷达、指挥仪及配套电站。适用于电子装备的论证、研制、生产、使用各阶段。
					"
GJB 4203-2001,https://www.rongrong.cn/good/88455.html,军用雷达敌我识别器性能测试方法,2001-05-31,2001-10-01,中国航空综合技术研究所,有效,"本标准规定了军用雷达敌我识别器主要技术性能参数的测试方法。
本标准适用于陆、海、空军用雷达敌我识别器（包括询问机、应答机、询问应答机，简称识别器）。识别器专用配套设备可参照使用。
					"
GJB 6740-2009,https://www.rongrong.cn/good/89206.html,炮射雷达有源干扰弹通用规范,2009-05-25,2009-08-01,中国航空综合技术研究所,有效,"本规范规定了炮射雷达有源干扰弹的技术要求、质量保证规定和交货准备等。
本规范适用于由身管火炮或火箭炮发射的雷达有源干扰弹（以下简称干扰弹）的研制、生产和检验，是拟制干扰弹产品规范（以下简称产品规范）的基本依据。
					"
GJB 9169-2017,https://www.rongrong.cn/good/189942.html,反辐射武器雷达靶标通用规范,2017-09-12,2017-12-01,中国航空综合技术研究所,有效,"本规范规定了反辐射武器雷达靶标的通用技术要求、质量保证规定和交货准备等。
本规范适用于地面、舰载、机载反辐射武器雷达靶标（以下简称靶标）研制、生产和检验。
					"
GJB 5383-2005,https://www.rongrong.cn/good/87258.html,有源相控阵雷达干扰设备通用规范,2005-06-28,2005-10-01,中国航空综合技术研究所,有效,"本规范规定了有源相控阵雷达干扰设备的技术要求、质量保证规定、交货准备等。
本规范适用于地面、舰船、机载有源相控阵雷达干扰设备（以下简称设备）论证、研制、生产、检验，是拟制产品规范的基本依据。
					"
GJB 8177-2015,https://www.rongrong.cn/good/87197.html,气球载雷达系留气球平台通用规范,2015-06-19,2015-10-01,中国航空综合技术研究所,有效,"本规范规定了气球载雷达系留气球平台的通用要求、质量保证规定和交货准备等。
本规范适用于升力气体采用氦气，体积为500m3～20000m3的车载、船载和固定式气球载雷达系留气球平台（以下简称系留气球）的设计、制造和验收。
					"
GJB 6732-2009,https://www.rongrong.cn/good/87138.html,雷达干扰效果评估系统通用规范,2009-05-25,2009-08-01,中国航空综合技术研究所,有效,"本规范规定了雷达干扰效果评估系统的技术要求、质量保证规定和交货准备等。
本规范适用于地面、舰船和机载非成像雷达干扰效果评估系统（以下简称系统）的研制、生产和检验，是拟制系统产品规范（以下简称产品规范）的基本依据。
					"
GJB 5791-2006,https://www.rongrong.cn/good/87878.html,直升机机载侦察雷达战术性能试验方法,2006-10-20,2007-01-01,中国航空综合技术研究所,有效,"本标准规定了直升机机载侦察雷达进行地面静态和机载动态战术性能试验的条件和方法。
本标准适用于直升机机载侦察雷达设计定型、生产定型战术性能试验，也适用于批生产和重大技术改进后进行的战术性能试验。
					"
GJB 5190-2004,https://www.rongrong.cn/good/87310.html,无人机载有源雷达假目标通用规范,2004-09-20,2005-01-01,中国航空综合技术研究所,有效,"本规范规定了无人机载有源雷达假目标设备的技术要求、质量保证规定、交货准备等。
本规范适用于无人机载有源雷达假目标设备（以下简称设备）的研制、生产、检验和试验，是拟制产品规范的依据。
					"
GJB 6886-2009,https://www.rongrong.cn/good/87139.html,雷达对抗装备机动维修设备通用规范,2009-12-22,2010-04-01,中国航空综合技术研究所,有效,"本规范规定了雷达对抗装备机动维修设备的技术要求、质量保证规定和交货准备等。
本规范适用于雷达对抗装备机动维修设备（以下简称设备）的研制、生产和检验，是拟制设备产品规范（以下简称产品规范）的基本依据。
					"
GJB 2403-1995,https://www.rongrong.cn/good/89925.html,雷达对抗直检式接收机技术参数测试方法,1995-05-31,1995-12-01,中国航空综合技术研究所,废止,"本标准规定了雷达对抗直检式接收机主要技术参数的测试方法。本标准适用于雷达对抗设备中的直检式接收机和直放式接收机（以下简称接收机），是对其技术参数进行测试和编制产品规范的基本依据。
					"
GJB 5290-2004,https://www.rongrong.cn/good/87671.html,脉冲多普勒天气雷达通用规范,2004-12-21,2005-05-01,中国航空综合技术研究所,有效,"本规范规定了地面全相参脉冲多普勒天气雷达的通用要求、质量保证规定、交货准备等。
本规范适用于水平线偏振全相参脉冲多普勒天气雷达的研制、生产、检验和使用，是制定全相参脉冲多普勒天气雷达产品规范的基本依据。
					"
GJB 701.7-1989,https://www.rongrong.cn/good/95395.html,地面雷达情报处理和传递系统通用技术条件  信息格式,1989-08-24,1989-12-31,中国航空综合技术研究所,废止,"本标准规定了凡符合GJB 701.6-89的雷达情报格式的报文，出入系统时的编码格式。
本标准适用于各级地面雷达情报处理和传递系统。
					"
GJB 403.7-1987,https://www.rongrong.cn/good/96529.html,舰载雷达通用技术条件  电磁兼容性要求和测量,1987-11-03,1988-06-01,中国航空综合技术研究所,有效,"本标准规定了舰载雷达设备电磁兼容性的要求及测量，它是制定舰载雷达设备技术条件相应部分的基础和选用依据。
					"
GJB 4963-2003,https://www.rongrong.cn/good/90530.html,雷达敌我识别器海用型平台装载要求,2003-07-21,2003-10-01,中国航空综合技术研究所,有效,"本标准规定了雷达敌我识别器海用型平台装载的配置要求、通用要求和安装要求。
本标准适用于海用雷达敌我识别器在海用各类平台的装载。
					"
GJB 1838.2-1996,https://www.rongrong.cn/good/97691.html,雷达信号处理分系统性能测试方法杂波图和恒虚警,1996-06-04,1996-12-01,中国航空综合技术研究所,有效,"本标准规定了雷达信号处理分系统的杂波图和恒虚警（CFAR）性能测试方法。
本标准适用于雷达信号处理分系统的杂波图和恒虚警（CFAR）处理器，是杂波图和恒虚警性能测试方法的统一依据。
					"
GJB 4200-2001,https://www.rongrong.cn/good/87795.html,反辐射导引系统试验场试验方法    被动雷达导引头,2001-05-31,2001-10-01,中国航空综合技术研究所,有效,"本标准规定了反辐射导引系统被动雷达导引头的试验场试验方法。
本标准适用于反辐射导引系统被动雷达导引头的试验场试验，供产品设计定型试验使用，研制试验、鉴定试验可参照使用。
					"
GJB 90.4-1986,https://www.rongrong.cn/good/94513.html,三厘米雷达频率捷变系统名词术语,1986-01-25,1986-10-01,中国航空综合技术研究所,废止,"本标准适用于三厘米雷达频率捷变系统一套标准中所采用的名词术语，本标准未列入的名词术语，应按GJB 74.2—85《地面雷达通用技术条件 名词术语》的规定。
					"
GJB 3091-1997,https://www.rongrong.cn/good/88246.html,雷达配电分系统性能测试方法  三相交流电源,1997-11-05,1998-05-01,中国航空综合技术研究所,有效,"本标准规定了雷达配电分系统三相交流电源（以下简称被测电源）常用性能的测试方法。本标准适用于各种雷达配电分系统常用性能的测试。
					"
GJB 4681-1995(GJBz 20253-1995),https://www.rongrong.cn/good/88787.html,军用雷达、电子对抗设备电子元器件选用和检验规范,1995-03-20,1995-08-01,中国航空综合技术研究所,有效,"本标准规定了军用雷达、电子对抗设备（以下简称设备）在研制、生产、使用和维修过程中的电子元器件选用和检验规范。
本标准适用于军用雷达、电子对抗设备及其备件；也适用于配套设备。
					"
GJB 8990-2017,https://www.rongrong.cn/good/190095.html,防空情报雷达模拟训练系统通用规范,2017-09-12,2017-12-01,中国航空综合技术研究所,有效,"本规范规定了防空情报雷达模拟训练系统的通用要求。
本规范适用于防空情报雷达模拟训练系统（以下简称模拟系统）。
					"
GJB 9166-2017,https://www.rongrong.cn/good/189939.html,军用地面雷达全数字交流伺服驱动器规范,2017-09-12,2017-12-01,中国航空综合技术研究所,有效,"本规范规定了军用地面雷达全数字交流伺服驱动器的要求、质量保证规定和交货准备等。
本规范适用于军用地面雷达全数字交流伺服驱动器（以下简称驱动器）的研制、生产和验收。
					"
GJB 38.41-1987,https://www.rongrong.cn/good/96771.html,常规动力潜艇系泊、航行试验规程  雷达侦察机,1987-05-23,1988-01-01,中国航空综合技术研究所,有效,"本标准适用于常规动力潜艇雷达侦察机系泊和航行试验，是编制雷达侦察机系泊和航行试验大纲的基本依据之一。
					"
GJB 2678-1996,https://www.rongrong.cn/good/91682.html,雷达发射分系统性能测试方法  功率  效率  负载特性,1996-06-04,1996-12-01,中国航空综合技术研究所,有效,"本标准规定了雷达发射分系统功率、效率及负载特性的测试方法。本标准适用于雷达发射分系统在设计定型（技术鉴定）、生产定型和批量生产时，对功率、效率和负载特性的测试。
					"
GJB 2400-1995,https://www.rongrong.cn/good/90345.html,雷达对抗超外差接收机技术参数测试方法,1995-05-31,1995-12-01,中国航空综合技术研究所,有效,"本标准规定了雷达对抗超外差式接收机主要技术参数的测试方法。本标准适用于雷达对抗超外差式接收机（以下简称接收机），是对其技术参数进行测试和编制产品规范的基本依据。
					"
GJB 2226.3-1994,https://www.rongrong.cn/good/97522.html,舰载雷达情报系统通用要求  战术技术要求项目格式,1994-12-13,1995-07-01,中国航空综合技术研究所,废止,"本标准规定了舰载雷达情报系统战术技术要求的项目格式和编写要求。
本标准适用于舰载雷达情报系统战术技术要求的编写。
					"
GJB 7209-2011,https://www.rongrong.cn/good/87315.html,军用地面对空情报雷达光栅显示格式及操作规范,2011-01-20,2011-04-01,中国航空综合技术研究所,有效,"本标准规定了军用地面对空情报雷达光栅显示设备显示界面的显示内容、显示格式和操作等要求。
本标准适用于军用地面对空情报雷达光栅显示设备的研制、生产和使用。
					"
GJB 7895-2012,https://www.rongrong.cn/good/89448.html,航天试验场连续波机动测速雷达跟踪测量规程,2012-12-27,2013-04-01,中国航空综合技术研究所,有效,"本标准规定了连续波机动测速雷达跟踪测量的内容、程序和要求。
本标准适用于航天试验场连续波机动测速雷达对导弹、运载火箭的跟踪测量。
					"
GJB/Z 87-1997,https://www.rongrong.cn/good/86565.html,雷达电波传播折射与衰减手册,1997-05-23,1997-12-01,中国航空综合技术研究所,有效,"本手册给出了霄达电波在大气层中和地（海）而上传播时折射与衰减的计算方法．公式、数据、图表和实用指南。
本手册适用于工作在短波、超短波、微波和毫米波波段的对空、对梅、对地和航天测控雷达，是系统论证、研制和使用的依据。本手册不适用于探测地下目标的雷达。
					"
GJB 2226.8-1994,https://www.rongrong.cn/good/97527.html,舰载雷达情报系统通用要求  软件要求,1994-12-13,1995-07-01,中国航空综合技术研究所,废止,"本标准规定了舰载霄达情报系统（以下简称系统）的软件构成、软件功能、软件设汁和测试等基本技术要求。
本标准适用于舰载雷达情报系统各种软件的开发过程。
					"
GJB 2419A-2005,https://www.rongrong.cn/good/88550.html,地面雷达侦察设备外场试验方法,2005-06-28,2005-10-01,中国航空综合技术研究所,有效,"本标准规定了地面雷达侦察设备（包括雷达告警设备、电子对抗支援侦察设备和电子对抗情报侦察设备等）进行外场试验时的基本要求、试验项目、试验条件、试验步骤、数据处理和结果评定准则。本标准适用于地面雷达侦察设备（以下称被试设备）的鉴定和定型试验，也适应于被试设备科研摸底试验。无源定位设备和反辐射武器的外场试验可参照使用。
					"
GJB 3830-1999,https://www.rongrong.cn/good/88764.html,目标雷达散射截面数据格式要求,1999-08-03,2000-01-01,中国航空综合技术研究所,有效,"本标准规定了目标雷达散射截面测量和计算中特征信息及其产生条件的数据格式要求。
本标准适用于目标雷达散射截面（含角闪烁和一维二维成像）静态测量和理论计算中特征信息及其产生条件的记录存储与绘图比较。动态测量亦可参照使用。
					"
GJB 4414-2002,https://www.rongrong.cn/good/89347.html,军用雷达和电子对抗装备AV/DC电源规范,2002-07-19,2002-12-01,中国航空综合技术研究所,有效,"本规范规定了军用雷达和电子对抗装备中AC/DC电源设备的技术要求、质量保证规定和交货准备等。对军用特殊电源的详细要求应在产品规范中规定。
本规范适用于军用雷达和电子对抗装备中AC/DC电源设备（以下简称电源），是该类电源产品研制、设计、生产和验收的主要技术依据，也是制定电源产品规范和其它技术文件应遵循的原则和基础。
					"
GJB 9159-2017,https://www.rongrong.cn/good/195173.html,对空情报雷达装备退役和报废要求,2017-09-12,2017-12-01,中国航空综合技术研究所,有效,"本标准规定了对空情报雷达装备退役和报废的条件、流程，退役和报废技术鉴定要求，以及退役和报废装备的处置要求。
本标准适用于对空情报雷达装备（以下简称装备）的退役和报废工作。单独列装的配套设备退役和报废，主要配套设备单独退役和报废也可参照执行。
					"
GJB 9183-2017,https://www.rongrong.cn/good/189954.html,地面雷达组网探测系统阵地选配要求,2017-09-12,2017-12-01,中国航空综合技术研究所,有效,"本标准规定了地面雷达组网探测系统阵地选配的一般要求和详细要求。一般要求包括选配原则、阵地种类、阵地布局和阵地数量等要求；详细要求包括阵地勘选和阵地配套等要求。
本标准适用于地面雷达组网探测系统的阵地选配工作。
					"
GJB 9280-2017,https://www.rongrong.cn/good/190018.html,舰载雷达冷却系统规范,2017-09-12,2017-12-01,中国航空综合技术研究所,有效,"本规范规定了舰载雷达冷却系统（以下简称冷却系统）的详细要求。
本规范适用于采用电动机驱动的蒸汽压缩制冷循环，自带冷却水泵、冷却水箱，为舰载雷达设备提供循环冷却水和（或）低湿空气的水冷式冷水机组。其他同类冷却系统可参照执行。
					"
GJB 701.1-1989,https://www.rongrong.cn/good/95389.html,地面雷达情报处理和传递系统通用技术条件  总则,1989-08-24,1989-12-31,中国航空综合技术研究所,有效,"本标准规定了《地面雷达情报处理和传递系统通用技术条件》一组标准的适用范围、制订和贯彻原则、标准构成和要求。
本组标准适用于地面雷达的半自动化和自动化对空、对海情报处理和传递系统。
本组标准是研制、生产、验收和使用的共同技术依据。
					"
GJB 624.10-1988,https://www.rongrong.cn/good/95813.html,军用飞机科研试飞训练要求  机载雷达,1988-11-08,1989-03-01,中国航空综合技术研究所,有效,"本标准规定了军用飞机试飞员进行机载歼击雷达和轰炸雷达科研试飞训练要求，是科研试飞训练的通用标准。
本标准适用于各类军用飞机试飞员（或试飞人员）的科研试飞训练，是制订科研试飞训练大纲与实施科研试飞训练的主要依据，也是评定试飞员等级的依据之一。
					"
GJB 7214-2011,https://www.rongrong.cn/good/88641.html,雷达对抗侦察装备部队检测规程,2011-01-20,2011-04-01,中国航空综合技术研究所,有效,"本标准规定了雷达对抗侦察装备进行部队检测时的检测条件、检测程序、检测项目、检测方法和装备状态评估等。
本标准适用于部队在雷达对抗侦察装备（以下简称侦察装备）使用过程中为评估装备的技术状态所进行的检测，是拟制具体型号装备部队检测规程的基本依据。
					"
GJB 4971-2003,https://www.rongrong.cn/good/87807.html,雷达对抗射频存储器通用规范,2003-07-21,2003-10-01,中国航空综合技术研究所,有效,"本规范规定了雷达对抗射频存储器的技术要求、质量保证规定以及交货准备等。
本规范适用于雷达对抗模拟射频存储器和数字射频存储器（以下简称射频存储器或产品），作为产品研制、生产、检验和拟制产品规范的基本依据。
					"
GJB 4351-2002,https://www.rongrong.cn/good/91023.html,机载雷达对抗系统加卸载处理设备通用技术要求,2002-07-19,2002-12-01,中国航空综合技术研究所,有效,"本标准规定了机载雷达对抗系统加卸载处理设备的组成、功能和性能等通用技术要求。
本标准适用于机载雷达告警设备和机载自卫式雷达对抗系统的加卸载处理设备及其配套装置，作为拟定加卸载处理设备主要战术技术指标以及制定产品规范的基本依据。
					"
GJB 9276-2017,https://www.rongrong.cn/good/190017.html,车载雷达液冷源装置规范,2017-09-12,2017-12-01,中国航空综合技术研究所,有效,"本规范规定了车载雷达液冷源装置（以下简称液冷源）的详细要求。
本规范适用于冷却能力不大于100kW的液冷源。
					"
GJB 2679-1996,https://www.rongrong.cn/good/103433.html,雷达天线分系统性能测试方法  面天线尺寸,1996-06-04,1996-12-01,中国航空综合技术研究所,有效,"本标准规定了军用雷达面天线工作面尺寸及馈源和副反射面安装尺寸的测试方法。本标准适用于面天线定型和批生产。
					"
GJB 403.5-1987,https://www.rongrong.cn/good/96527.html,舰载雷达通用技术条件  可靠性要求,1987-11-03,1988-06-01,中国航空综合技术研究所,有效,"本标准规定了舰载雷达可靠性定量要求与制造、使用中可靠性及可靠性试验的具体要求，并规定了设备研制全过程各阶段可靠性任务。
					"
GJB 2226.6-1994,https://www.rongrong.cn/good/97525.html,舰载雷达情报系统通用要求  接口要求,1994-12-13,1995-07-01,中国航空综合技术研究所,废止,"本标准规定了舰载雷达情报系统（以下简称系统）电气接口及其技术要求。
标准适用于系统内部各独立单元之间以及系统与系统外部进行信息传输的互联接口，是系统接口设计制造的准则和接口协调的依据。
					"
GJB 1298-1991,https://www.rongrong.cn/good/103359.html,通用雷达、指挥仪维修性评审与试验方法,1991-12-23,1992-09-01,中国航空综合技术研究所,废止,"本标准规定了通用雷达、指挥仪（以下简称电子装备）维修性评审、验证、验收的方法和程序。
本标准适用于电子装备论证、研制、生产、使用各阶段。
					"
GJB 9459-2018,https://www.rongrong.cn/good/196078.html,飞机雷达波隐身玻璃规范,2018-03-27,2018-08-01,中国航空综合技术研究所,有效,"本规范规定了飞机雷达波隐身玻璃的详细要求。
本规范适用于有隐身功能要求的飞机硅酸盐层合玻璃（以下简称制品），其他类型玻璃可参考使用。
					"
GJB 2943-1997,https://www.rongrong.cn/good/90654.html,雷达敌我识别系统编解码性能测试方法,1997-06-25,1997-12-01,中国航空综合技术研究所,有效,"本标准规定了雷达敌我识别系统（以下简称识别系统）编解码性能的测试方法。本标准适用于识别系统技术鉴定（定型）时编码单元、解码单元及加密单元的性能测试。批生产也可参照使用。
					"
GJB 3582-1999,https://www.rongrong.cn/good/91746.html,雷达罩人工介质夹芯材料规范,1999-03-24,1999-09-01,中国航空综合技术研究所,有效,"本规范规定了雷达罩人工介质夹芯材料（简称人工介质材料）的要求、质量保证规定、交货准备和说明事项。
本规范适用于以双马来酰亚胺树脂为基的人工介质材料的生产和检验。
					"
GJB 861-1990,https://www.rongrong.cn/good/92349.html,核武器雷达引信机通用规范,1990-07-17,1990-12-01,中国航空综合技术研究所,有效,"本规范规定了核武器雷达引信机（以下简称引信）的技术要求，试验方法和检验规则等。
本规范适用于引信的设计、制造、试验和检验。
					"
GJB 16-1984,https://www.rongrong.cn/good/87331.html,地面炮瞄雷达可靠性试验方法,1984-11-06,1986-01-01,中国航空综合技术研究所,废止,"本标准适用于预期寿命服从指数分布或能够合理地认为是服从指数分布的地面炮瞄雷达整机产品（以下简称“产品”）的可靠性鉴定试验与验收试验。不适用于产品的可靠性增长试验。
					"
GJB 9353-2018,https://www.rongrong.cn/good/196180.html,星载合成孔径雷达外定标方法,2018-03-27,2018-08-01,中国航空综合技术研究所,有效,"本标准规定了星载合成孔径雷达（以下简称SAR）外定标的定标场地和设备要求、内容和方法。
本标准适用于条带模式和扫描模式SAR 在轨辐射定标（以下简称辐射定标）。
					"
GJB 4201-2001,https://www.rongrong.cn/good/91377.html,玻璃纤维增强塑料薄壁式地面雷达天线罩规范,2001-05-31,2001-10-01,中国航空综合技术研究所,有效,"本规范规定了对玻璃纤维增强塑料薄壁式地面雷达天线罩的要求。
本规范适用于地面使用的玻璃纤维增强塑料薄壁式雷达天线罩（以下简称天线罩）。舰船用雷达天线罩可参照使用。
					"
GJB 524.58-1988,https://www.rongrong.cn/good/96208.html,快艇（滑行艇）系泊和航行试验规程  导弹攻击雷达试验,1988-05-06,1988-10-01,中国航空综合技术研究所,废止,"本标准规定了快艇（滑行艇）导弹攻击雷达（以下简称“雷达”）系泊和航行试验的目的、准备、条件、项目、程序和试验报告。
本标准适用于快艇（滑行艇）雷达系泊和航行试验、验证产品质量，也适用于编制试验大纲、试验册。
					"
GJB 3090-1997,https://www.rongrong.cn/good/89263.html,雷达馈线分系统性能测试方法  功率分配比、隔离度、气密性,1997-11-05,1998-05-01,中国航空综合技术研究所,有效,"本标准规定了雷达馈线分系统功率分配比、隔离度和气密性的测试方法。本标准适用于波导型、同轴型、波导同轴混合型的雷达馈线分系统的性能测试，其他传输型式的雷达馈线分系统的性能测试亦可参照使用。
					"
GJB 8203-2014,https://www.rongrong.cn/good/89455.html,防空兵目标指示雷达操作训练模拟系统通用规范,2014-10-21,2015-01-31,中国航空综合技术研究所,有效,"本规范规定了防空兵目标指示雷达操作训练模拟系统的要求、质量保证规定和交货准备等。
本规范适用于防空兵目标指示雷达操作训练模拟系统（以下简称雷达模拟系统）的研制、生产和检验。
					"
GJB 624.10A-2010,https://www.rongrong.cn/good/95829.html,军用飞机科研试飞训练要求 第10部分：机载雷达,2010-09-16,2010-12-01,中国航空综合技术研究所,有效,"本部分规定了有人驾驶固定翼飞机进行机载雷达科研试飞训练的通用要求。
本部分适用于有人驾驶固定翼飞机机载雷达科研试飞训练的技术准备、组织实施与评价。特种用途固定翼军用飞机可参照执行。
					"
GJB 1279-1991,https://www.rongrong.cn/good/89872.html,海军雷达（声纳）情报传递和处理系统通用规范,1991-12-23,1992-09-01,中国航空综合技术研究所,有效,"本规范规定了海军雷达（声纳）情报传递和处理系统的战术技术主要性能项目、系统研制和质量保证等要求。
本规范适用于海军岸基、编队指挥舰雷达（声纳）情报信息传递和处理系统。是该系统论证、合同、研制、验收、运行和维护的基本技术依据。
					"
GJB 4030A-2015,https://www.rongrong.cn/good/87157.html,军用雷达与电子对抗装备低压电源用模块规范,2015-06-19,2015-10-01,中国航空综合技术研究所,有效,"本规范规定了军用雷达与电子对抗装备低压电源用模块的要求、质量保证规定和交货准备等。
本规范适用于军用地面、舰船、机载雷达和电子对抗低压电源用模块（以下简称电源模块）的研制、生产和检验。
					"
GJB 7605-2012,https://www.rongrong.cn/good/89199.html,弹道导弹载雷达无源诱饵通用规范,2012-07-24,2012-09-01,中国航空综合技术研究所,有效,"本规范规定了弹道导弹载雷达无源诱饵的基本要求、质量保证规定和交货准备。
本规范适用于弹道导弹载雷达无源诱饵（以下简称诱饵）的研制、生产和检验。
					"
GJB 1376.2-1996,https://www.rongrong.cn/good/97926.html,雷达跟踪分系统性能测试方法  距离跟踪性能,1996-06-04,1996-12-01,中国航空综合技术研究所,有效,"本标准规定了雷达跟踪分系统距离跟踪回路主要性能的测试方法。
本标准适用于跟踪雷达设计定型和生产定型时距离跟踪回路主要性能指标的测试。批量生产时亦可参照使用。
					"
GJB 524.47-1988,https://www.rongrong.cn/good/96196.html,快艇（滑行艇）系泊和航行试验规程  导航雷达试验,1988-05-06,1988-10-01,中国航空综合技术研究所,废止,"本标准规定了快艇（滑行艇）导航雷达系泊和航行试验的目的、准备、条件、项目、程序和试验报告。
本标准适用于快艇（滑行艇）导航雷达系泊和航行试验、验证产品贡量，也适用于编制试验大纲、试验册。
					"
GJB 6086-2007,https://www.rongrong.cn/good/88612.html,雷达对抗数字式重频跟踪器通用规范,2007-08-06,2007-11-01,中国航空综合技术研究所,有效,"本规范规定了雷达对抗数字式重频跟踪器的技术要求、质量保证规定、交货准备等。
本规范适用于雷达对抗数字式重频跟踪器（以下简称重频跟踪器）的研制、生产、检验，是拟制产品规范的基本依据。
					"
GJB 7210-2011,https://www.rongrong.cn/good/87977.html,抗反辐射武器雷达有源诱偏系统通用规范,2011-01-20,2011-04-01,中国航空综合技术研究所,有效,"本规范规定了抗反辐射武器雷达有源诱偏系统的技术要求、质量保证规定和交货准备等。
本规范适用于地面抗反辐射武器雷达有源诱偏系统（以下简称诱偏系统）研制、生产和检验，是拟制产品规范的基本依据。
					"
GJB 3683-1999,https://www.rongrong.cn/good/88040.html,雷达对抗瞬时频率引导接收机通用规范,1999-03-24,1999-09-01,中国航空综合技术研究所,废止,"本规范规定了雷达对抗瞬时频率引导接收机的技术要求、质量保证规定、交货准备等。
本规范适用于地面、舰船、机载雷达对抗瞬时频率引导接收机（以下简称接收机或产品），作为研制、生产、检验验收和拟制产品规范的基本依据。
					"
GJB 8222-2015,https://www.rongrong.cn/good/91114.html,多普勒雷达航姿及天线模拟器检定规程,2015-06-19,2015-10-01,中国航空综合技术研究所,有效,"本规程规定了多普勒雷达航姿及天线模拟器的计量特性、通用技术要求、检定条件、检定项目、检定方法、检定结果的处理和检定周期。
本规程适用于新制造、使用中和修理后多普勒雷达航姿及天线模拟器的检定。
					"
GJB 524.57-1988,https://www.rongrong.cn/good/96207.html,快艇（滑行艇）系泊和航行试验规程  炮瞄雷达试验,1988-05-06,1988-10-01,中国航空综合技术研究所,废止,"本标准规定了快艇（滑行艇）炮瞄雷达系泊和航行试验的目的、准备、条件、项目、程序和试验报告。
本标准适用于快艇（滑行艇）炮瞄雷达系泊和航行试验、验证产品质量，也适用编制试验大纲、试验册。
					"
GJB 38.59-1988,https://www.rongrong.cn/good/96382.html,常规动力潜艇系泊、航行试验规程  攻击/导航雷达,1988-06-22,1988-12-01,中国航空综合技术研究所,有效,"本标准规定了常规动力潜艇攻击/导航雷达系泊、航行试验的试验准备、试验条件、试验项目、测量方法、技术要求和试验报告。
本标准适用于常规动力潜艇攻击/导航雷达系泊、航行试验。
					"
GJB 701.2-1989,https://www.rongrong.cn/good/95390.html,地面雷达情报处理和传递系统通用技术条件  常用术语,1989-08-24,1989-12-31,中国航空综合技术研究所,有效,"本标准规定了《地面雷达情报处理和传递系统通用技术条件》中常用术语的统一的定义，作为订购方和承制方理解和使用本组标准的共同依据。
本标准是《地面雷达情报处理和传递系统通用技术条件》一组标准之一。
					"
GJB 5309-2004,https://www.rongrong.cn/good/87960.html,反辐射无人机被动雷达导引头通用规范,2004-12-21,2005-05-01,中国航空综合技术研究所,有效,"本规范规定了反辐射无人机被动雷达导引头的通用技术要求、质量保证规定和交货准备等。
本规范适用于反辐射无人机被动雷达导引头（以下简称导引头）的研制、生产和检验，是编制产品规范的基本依据。
					"
GJB 5673-2006,https://www.rongrong.cn/good/90566.html,潜艇雷达对抗侦察设备天线罩通用规范,2006-05-17,2006-10-01,中国航空综合技术研究所,有效,"本规范规定了潜艇雷达对抗侦察设备天线罩的要求、质量保证规定和交货准备等。
本规范适用于潜艇雷达对抗侦察设备天线罩（以下简称天线罩）的研制、生产和检验，是拟制产品规范的依据。
					"
GJB 4333A-2017,https://www.rongrong.cn/good/190165.html,舰载雷达天线稳定平台用模块规范,2017-09-12,2017-12-01,中国航空综合技术研究所,有效,"本规范规定了舰载雷达天线稳定平台用模块的划分、详细要求、质量保证和交货准备等。
本规范适用于舰载雷达天线机电式稳定平台用模块（以下简称模块）的论证、研制、生产和验收。
					"
GJB 9197-2017,https://www.rongrong.cn/good/189959.html,军用雷达液冷系统自密封快换接头规范,2017-09-12,2017-12-01,中国航空综合技术研究所,有效,"本规范规定了军用雷达液冷系统自密封快换接头的技术要求、质量保证规定和交货准备等。
本规范适用于军用雷达液冷系统自密封快换接头（以下简称快换接头）的研制、生产和检验。
					"
GJB 3394-1998,https://www.rongrong.cn/good/94269.html,战略导弹核弹头雷达引信天线窗设计准则,1998-07-27,1999-01-01,中国航空综合技术研究所,有效,"本标准规定了战略导弹核弹头雷达引信天线窗的方案设计、零部件设计和安装设计的基本准则及设计验证试验项目与要求。本标准适用于战略导弹核弹头雷达引信天线窗设计。非核弹头的天线窗设计亦可参照执行。
					"
GJB 5185-2004,https://www.rongrong.cn/good/87959.html,雷达对抗数字瞬时测频接收机模块规范,2004-09-20,2005-01-01,中国航空综合技术研究所,有效,"本规范规定了雷达对抗数字瞬时测频（DIFM）接收机模块的要求、质量保证规定及交货准备等。
本规范适用于雷达对抗数字瞬时测频接收机模块（以下简称接收机模块）的研制、生产和验收。
					"
GJB 5829-2006,https://www.rongrong.cn/good/90273.html,导弹航天器脉冲雷达多站联测规程,2006-10-20,2007-01-01,中国航空综合技术研究所,有效,"本标准规定了多个站点的脉冲雷达同时对导弹航天器进行跟踪测量时应遵循的一般技术要求和工作程序。
本标准适用于脉冲雷达进行多站联合对导弹航天器进行应答式跟踪测量。其它方式的跟踪测量也可参照执行。
					"
GJB 9168-2017,https://www.rongrong.cn/good/189941.html,军用雷达循环冷却液制冷机组通用规范,2017-09-12,2017-12-01,中国航空综合技术研究所,有效,"本规范规定了地面、车载和舰船军用雷达循环冷却液制冷机组的通用要求、质量保证规定和交货准备等。
本规范适用于地面、车载和舰船军用雷达循环冷却液制冷机组（以下简称液冷机组）的研制、生产和检验。
					"
GJB 1381A-2011,https://www.rongrong.cn/good/87831.html,导弹、航天器试验光电经纬仪和脉冲雷达测量精度评定,2011-05-25,2011-08-01,中国航空综合技术研究所,有效,"本标准规定了导弹、航天器试验光电经纬仪和脉冲测量雷达测量精度评定的方法。
本标准适用于导弹、航天器试验光电经纬仪和脉冲雷达的测量精度评定。其他试验的光电经纬仪和脉冲雷达的测量精度评定可以参照使用；其他类型的光学和雷达测量系统的测量精度评定也可参照使用。
					"
GJB 613-1988,https://www.rongrong.cn/good/87194.html,军用地面雷达终端设备技术规范,1988-11-08,1989-03-01,中国航空综合技术研究所,有效,"本标准规定了军用地面雷达终端设备一般要求及其模块（组）划分、系列等级、组成、主要技术指标和接口要求。
本标准适用于各类军用地面雷达的终端设备，是设计、制造、使用和维修的统一依据，亦是制定有关专用规范的基础标准。
少量终端设备的某些功能模块有特殊要求且不在本标准模块系列内时，可作为专用扩充模块另行解决。
					"
GJB 2038A-2011,https://www.rongrong.cn/good/90802.html,雷达吸波材料反射率测试方法,2011-05-25,2011-08-01,中国航空综合技术研究所,有效,"本标准规定了雷达吸波材料（以下缩写RAM）反射率测试的方法、程序和要求。
本标准适用于平板型RAM 的垂直入射、斜入射反射率的测量以及尖劈型RAM 垂直入射反射率的测量，其他类型材料的反射率测量可参照执行。雷达散射截面（以下缩写RCS）测试法适用频率范围为0.5GHz～100GHz，弓形测试法适用频率范围为1GHz～40GHz，其他频段的反射率测量可参照执行。
					"
GJB 2226.9-1994,https://www.rongrong.cn/good/97528.html,舰载雷达情报系统通用要求  可靠性维修性要求,1994-12-13,1995-07-01,中国航空综合技术研究所,废止,"本标准规定了舰载雷达情报系统在论证、方案、研制、生产和使用中的可靠性、维修性要求及考核方法。
本标准适用于舰载雷达情报系统的论证、方案、研制、生产、使用各阶段。
					"
GJB 6850.80-2009,https://www.rongrong.cn/good/95342.html,水面舰船系泊和航行试验规程 第80部分：对海搜索雷达试验,2009-12-22,2010-04-01,中国航空综合技术研究所,有效,"本部分规定了对海搜索雷达系泊和航行试验的目的、准备、条件、项目和程序、数据录取和处理、结果评定及报告编写等内容。
本部分适用于配备对海搜索雷达的水面舰船。
					"
GJB 6850.98-2009,https://www.rongrong.cn/good/95362.html,水面舰船系泊和航行试验规程 第98部分：跟踪照射雷达试验,2009-12-22,2010-04-01,中国航空综合技术研究所,有效,"本部分规定了跟踪照射雷达系泊和航行试验的目的、准备、条件、项目和程序、数据录取和处理、结果评定及报告编写等内容。
本部分适用于配备跟踪照射雷达的水面战斗舰船。
					"
GJB 6850.90-2009,https://www.rongrong.cn/good/95353.html,水面舰船系泊和航行试验规程 第90部分：炮瞄雷达试验,2009-12-22,2010-04-01,中国航空综合技术研究所,有效,"本部分规定了水面舰船炮瞄雷达系泊和航行试验的目的、准备、条件、项目和程序、数据录取和处理、结果评定及报告编写等内容。
本部分适用于配备炮瞄雷达设备的水面舰船。
					"
GJB 6850.89-2009,https://www.rongrong.cn/good/95352.html,水面舰船系泊和航行试验规程 第89部分：雷达侦察接收机试验,2009-12-22,2010-04-01,中国航空综合技术研究所,有效,"本部分规定了雷达侦察接收机（对脉冲体制雷达侦察）系泊和航行试验的目的、准备、条件、项目和程序、结果评定及报告编写等内容。
本部分适用于水面舰船。
					"
GJB 2677-1996,https://www.rongrong.cn/good/88147.html,雷达配电分系统性能测试方法  直流电源、单相交流电源,1996-06-04,1996-12-01,中国航空综合技术研究所,有效,"本标准规定了雷达配电分系统（以下简称配电分系统）直流电源和单相交流电源常用性能的测试方法。本标准适用于各种雷达配电分系统常用性能的测试，供制定产品规范时引用。
					"
GJB 4190-2001,https://www.rongrong.cn/good/91376.html,静止气象卫星和天气雷达资料计算机存储模式,2001-05-31,2001-10-01,中国航空综合技术研究所,有效,"本标准规定了静止气象卫星和天气雷达资料的文件格式和技术要求。
本标准适用于用各种计算机存储静止气象卫星和天气雷达资料。
					"
GJB 6850.94-2009,https://www.rongrong.cn/good/95358.html,水面舰船系泊和航行试验规程 第94部分：导弹攻击雷达试验,2009-12-22,2010-04-01,中国航空综合技术研究所,有效,"本部分规定了导弹攻击雷达系泊和航行试验的目的、准备、条件、项目和程序、数据录取和处理、结果评定及报告编写等内容。
本部分适用于配备导弹攻击雷达的水面舰船。
					"
GJB 6850.79-2009,https://www.rongrong.cn/good/95341.html,水面舰船系泊和航行试验规程 第79部分：对空搜索雷达试验,2009-12-22,2010-04-01,中国航空综合技术研究所,有效,"本部分规定了对空搜索雷达系泊和航行试验的目的、准备、条件、项目和程序、数据录取和处理、结果评定及报告编写等内容。
本部分适用于配备对空搜索雷达的水面舰船。
					"
GJB 6850.115-2009,https://www.rongrong.cn/good/95533.html,水面舰船系泊和航行试验规程 第115部分：雷达对抗系统试验,2009-12-22,2010-04-01,中国航空综合技术研究所,有效,"本部分规定了雷达对抗系统系泊和航行试验的目的、准备、条件、项目和程序、数据录取和处理、结果评定及报告编写等内容。
本部分适用于配备雷达对抗系统的水面舰船。
					"
GJB 7411.24-2012,https://www.rongrong.cn/good/302878.html,"军队战备储备物资包装技术要求
对空情报雷达维修器材",2012-02-06,2012-05-01,中国航空综合技术研究所,有效,"本标准规定了对空情报雷达战备储备器材包装分类、技术要求及质量保证等内容。
本标准适用于对空情报雷达战备储备器材（以下简称“器材”）的包装。
					"
GJB 7411.11-2012,https://www.rongrong.cn/good/302866.html,"军队战备储备物资包装技术要求
通用雷达装备维修器材",2012-02-06,2012-05-01,中国航空综合技术研究所,有效,"本标准规定了军队战备储备物资通用雷达装备维修器材的包装技术要求。
本标准适用于军队战备储备物资通用雷达装备维修器材（以下简称“器材”）的包装。
					"
GJB 5202.2-2005,https://www.rongrong.cn/good/96178.html,舰船电子对抗仿真试验系统试验方法  第2部分：舰船雷达干扰设备,2005-06-28,2005-10-01,中国航空综合技术研究所,有效,"本部分规定了舰船雷达干扰设备在舰船电子对抗仿真试验系统中进行仿真试验的基本要求、试验项目和试验方法。
本部分适用于舰船雷达干扰设备（以下称为被试设备）的定型（或鉴定）试验。研制性试验可参照使用。
					"
GJB 350.75-1987,https://www.rongrong.cn/good/97157.html,水面战斗舰艇系泊和航行试验规程  雷达侦察接收机试验,1987-09-25,1988-01-01,中国航空综合技术研究所,有效,"本标准适用于水面战斗舰艇雷达侦察接收机（对脉冲体制雷达侦察）的系泊和航行试验，是编制该项试验文件的基本依据。
					"
GJB 5664A-2017,https://www.rongrong.cn/good/190060.html,舰船雷达有源诱饵通用规范,2017-09-12,2017-12-01,中国航空综合技术研究所,有效,"本规范规定了舰船雷达有源诱饵的通用技术要求、质量保证规定和交货准备等。
本规范适用于舰船有源诱饵（包括诱饵弹及舰载遥控设备，简称诱饵）的研制、生产和检验。
					"
GJB 403.6-1987,https://www.rongrong.cn/good/96528.html,舰载雷达通用技术条件  可靠性试验方法,1987-11-03,1988-06-01,中国航空综合技术研究所,有效,"本标准规定了预期寿命服从指数分布或能合理的认为服从指数分布的舰载雷达设备的可靠性鉴定试验、验收试验的方法和要求。
本标准是供方和需方制定具体设备可靠性鉴定试验与验收试验的实施方案的依据。不适用于可靠性增长试验。
					"
GJB 7954-2012,https://www.rongrong.cn/good/91638.html,雷达透波材料透波率测试方法,2012-12-27,2013-04-01,中国航空综合技术研究所,有效,"本标准规定了雷达透波材料（以下简称RTM）透波率测试的系统组成及要求、测试程序以及数据处理方法。
本标准适用于平板型RTM 的垂直入射、斜入射透波率的测量，其他类型材料的透波率测量可参照执行。
					"
GJB 3310-1998,https://www.rongrong.cn/good/88566.html,雷达天线分系统性能测试方法　方向图,1998-07-27,1999-01-01,中国航空综合技术研究所,有效,"本标准规定了雷达天线（以下简称天线）幅度方向图（以下简称方向图）在测试场、现场和平面扫描近场的测试方法。本标准适用于天线设计定型、生产定型和重大技术改进鉴定试验时的方向图测试。批生产时的方向图测试可参照使用。本标准不适用于电小天线的方向图测试。
					"
GJB 9289-2017,https://www.rongrong.cn/good/190026.html,舰载雷达密闭机柜专用空调机组规范,2017-09-12,2017-12-01,中国航空综合技术研究所,有效,"本规范规定了舰载雷达密闭机柜专用空调机组（以下简称空调机组）的详细要求。
本规范适用于额定送风量不大于7000m3/h 的空调机组。其他密闭式电子机柜用空调机组也可参照使用。
					"
GJB 701.9-1989,https://www.rongrong.cn/good/95397.html,地面雷达情报处理和传递系统通用技术条件  软件要求,1989-08-24,1989-12-31,中国航空综合技术研究所,废止,"本标准规定了地面雷达情报处理和传递系统的软件构成、软件功能、软件设计和测试的基本技术要求。
本标准适用于雷情系统各种应用软件的开发。
					"
GJB 757-1989,https://www.rongrong.cn/good/93189.html,雷达微波器件用合成云母大单晶片,1989-08-24,1989-12-31,中国航空综合技术研究所,废止,"本标准规定了雷达微波器件用合成云母大单晶片的产品规格、技术要求、试验方法、检验规则及标志、包装等。
本标准适用于雷达微波馈线能量输出密封窗用合成云母大单晶片，也适用于微波速调管磁控管、开关管、微波移相器等器件用合成云母品片。
					"
GJB 5810-2006,https://www.rongrong.cn/good/87814.html,陆军防空兵雷达地面询问机部队试验规程,2006-10-20,2007-01-01,中国航空综合技术研究所,有效,"本标准规定了陆军防空兵雷达地面询问机部队试验的基本要求、试验项目和试验方法、试验数据的录取和处理、试验结果评定、试验报告编写。
本标准适用于陆军防空兵雷达地面询问机（以下简称询问机）设计定型阶段的部队试验。生产定型阶段的部队试用、加装（换装）询问机部队试验也可参照执行。
					"
GJB 8308-2015,https://www.rongrong.cn/good/87751.html,地地导弹合成孔径雷达导引头通用规范,2015-06-19,2015-10-01,中国航空综合技术研究所,有效,"本规范规定了地地导弹合成孔径雷达导引头的通用技术要求、质量保证规定和交货准备等。
本规范适用于地地导弹合成孔径雷达导引头（以下简称导引头）的研制、生产和检验，是拟制导引头产品规范（以下简称产品规范）的依据。
					"
GJB 5028-2003,https://www.rongrong.cn/good/92989.html,目标激光雷达散射截面测试方法,2003-07-21,2003-10-01,中国航空综合技术研究所,有效,"本标准规定了静态目标的激光雷达散射截面的测量方法。
本标准适用于在外场进行的飞机（靶机）、导弹、典型地物等全尺寸典型军事目标单、双站激光雷达散射截面波段为1.06μm和10.6μm的远场测量。目标缩比模型的外场测量也可参照执行。
					"
GJB 7593-2012,https://www.rongrong.cn/good/86915.html,雷达敌我识别器舰载询问应答机通用规范,2012-07-24,2012-09-01,中国航空综合技术研究所,有效,"本规范规定了雷达敌我识别器舰载询问应答机的通用技术要求、质量保证规定和交货准备等。
本规范适用于雷达敌我识别器舰载询问应答机（以下简称询问应答机）的研制、生产和检验，是拟制询问应答机产品规范（以下简称产品规范）的基本依据。
					"
GJB 9125-2017,https://www.rongrong.cn/good/190052.html,超短波通信电台与米波雷达频率共用要求,2017-09-12,2017-12-01,中国航空综合技术研究所,有效,"本标准规定了工作在30MHz～88MHz 的超短波通信电台和同频段米波雷达的频率共用干扰保护限值和测量方法。
本标准适用于工作在30MHz～88MHz 的超短波通信电台和同频段米波雷达的台站设置使用和管理以及电磁兼容性分析等。
					"
GJB 6725-2009,https://www.rongrong.cn/good/87164.html,观通站雷达敌我识别器地面询问机通用规范,2009-05-25,2009-08-01,中国航空综合技术研究所,有效,"本规范规定了观通站雷达敌我识别器地面询问机的要求、质量保证规定和交货准备等。
本规范适用于观通站雷达敌我识别器地面询问机（以下简称询问机）的论证研制、生产和检验，是拟制询问机产品规范（以下简称产品规范）的基本依据。
					"
GJB 6338-2008,https://www.rongrong.cn/good/87312.html,雷达敌我识别对抗侦察设备通用规范,2008-03-30,2008-06-01,中国航空综合技术研究所,有效,"本规范规定了雷达敌我识别对抗侦察设备的通用要求、质量保证规定和交货准备等。
本规范适用于地面、舰船和机载雷达敌我识别对抗侦察设备（以下简称设备）的研制、生产和检验，是编制设备产品规范的基本依据。直升机载设备亦可参照使用。
					"
GJB 3153-1998,https://www.rongrong.cn/good/88047.html,精密测量雷达标定与校正,1998-03-16,1998-09-01,中国航空综合技术研究所,有效,"本标准规定了精密测量雷达的标定与校正方法。
本标准适用于精密测量雷达（以下简称雷达）在正常使用期间的系统误差的标定与校正。
					"
GJB 5291-2004,https://www.rongrong.cn/good/89721.html,数字化天气雷达标定方法,2004-12-21,2005-05-01,中国航空综合技术研究所,有效,"本标准规定了数字化天气雷达与目标空间位置定位误差和目标强度测量误差有关的雷达参数的标定方法。
本标准适用于数字化天气雷达出厂和正常使用期间的标定与校正。
					"
GJB 9468-2018,https://www.rongrong.cn/good/196074.html,雷达天线罩用纤维增强塑料泡沫夹层结构件规范,2018-03-27,2018-08-01,中国航空综合技术研究所,有效,"本规范规定了雷达天线罩用纤维增强塑料泡沫夹层结构件的详细要求。
本规范适用于通信和电子对抗系统配套地面雷达天线罩用纤维增强塑料泡沫夹层结构件。机载、舰载、车载等各类雷达天线罩可参考使用。
					"
GJB 164.51-1986,https://www.rongrong.cn/good/97623.html,登陆舰艇系泊和航行试验规程  导航雷达试验,1986-09-03,1987-03-01,中国航空综合技术研究所,废止,"本标准适用于登陆舰艇的导航雷达（除自动雷达标绘仪外）系泊和航行试验。GJB164.1-86《登陆舰艇系泊和航行试验规程总则》的规定适用于本标准。
					"
GJB 991-1990,https://www.rongrong.cn/good/91481.html,防雷达侦察伪装遮障用布和绳,1990-12-08,1991-06-01,中国航空综合技术研究所,有效,"本标准规定了防雷达侦察伪装遮障用布和绳（以下简称伪装遮障用布和绳）的产品分类，技术要求、试验方法、检验规则、包装标志、运输及贮存。
本标准适用于林地型、荒漠型、草原型、雪地型四种伪装遮障用布和绳的品质检验。
					"
GJB 701.11-1989,https://www.rongrong.cn/good/95388.html,地面雷达情报处理和传递系统通用技术条件  验收规则,1989-08-24,1989-12-31,中国航空综合技术研究所,有效,"本标准规定了地面雷达情报处理和传递系统的验收规则应走了系统分阶段检验的要求和验收合格的判定条件。
本标准适用于承制方和订购方拟制技术条件和合同。
					"
GJB 5356-2005,https://www.rongrong.cn/good/90257.html,军用空中交通管制二次雷达系统机载应答机通用要求,2005-06-28,2005-10-01,中国航空综合技术研究所,有效,"本标准规定了军用空中交通管制二次雷达系统机载应答机（以下简称机载应答机）的通用要求。
本标准适用于军用机载应答机拟定技术条件、选型、设计、制造、安装和使用。
					"
GJB 8196-2014,https://www.rongrong.cn/good/88661.html,对空情报雷达抗反辐射导弹诱饵通用规范,2014-10-21,2015-01-31,中国航空综合技术研究所,有效,"本规范规定了地面对空情报雷达抗反辐射导弹电子诱饵设备（以下简称诱饵设备）的技术要求、质量保证规定、交货准备等。
本规范适用于诱饵设备的研制、生产与检验等。
					"
GJB 6693-2009,https://www.rongrong.cn/good/93332.html,机载合成孔径雷达与数据链接口技术要求,2009-05-25,2009-08-01,中国航空综合技术研究所,有效,"本标准规定了机载合成孔径雷达（以下简称机载SAR）和数据链之间图像传输数字接口的物理特性及数据传输格式等技术要求。
本标准适用于机载SAR和数据链图像传输数字接口的论证和设计。
					"
GJB 8958-2017,https://www.rongrong.cn/good/188735.html,机载合成孔径雷达干涉测量系统通用规范,2017-05-18,2017-07-01,中国航空综合技术研究所,有效,"本规范规定了机载合成孔径雷达干涉测量系统（以下简称干涉测量系统）的通用要求、质量保证规定和交货准备等。
本规范适用于干涉测量系统的研制、生产和检验。
					"
GJB 5010.3-2003,https://www.rongrong.cn/good/96162.html,伪装遮障设计定型试验规程  第3部分:雷达伪装性能试验,2003-07-21,2003-10-01,中国航空综合技术研究所,有效,"本部分规定了伪装遮障雷达伪装性能试验的内容、条件、方法和要求。
本部分适用于各种类型伪装遮障的设计定型试验。伪装遮障的其它类型试验也可参照本部分进行。
					"
GJB 350.68-1987,https://www.rongrong.cn/good/97149.html,水面战斗舰艇系泊和航行试验规程  导航雷达试验,1987-09-25,1988-01-01,中国航空综合技术研究所,有效,"本标准适用于水面战斗舰艇导航雷达的系泊和航行试验，是编制该项试验文件的基本依据。
					"
GJB 350.73-1987,https://www.rongrong.cn/good/97155.html,水面战斗舰艇系泊和航行试验规程  警戒雷达试验,1987-09-25,1988-01-01,中国航空综合技术研究所,废止,"本标准适用于水面战斗舰艇警戒雷达的系泊和航行试验，是编制该项试验文件的基本依据。
					"
GJB 350.76-1987,https://www.rongrong.cn/good/97158.html,水面战斗舰艇系泊和航行试验规程  导弹攻击雷达试验,1987-09-25,1988-01-01,中国航空综合技术研究所,有效,"本标准适用于水面战斗舰艇导弹攻击雷达的系泊和航行试验，是编制该项试验文件的基本依据。
					"
GJB 350.78-1987,https://www.rongrong.cn/good/97160.html,水面战斗舰艇系泊和航行试验规程  跟踪照射雷达试验,1987-09-25,1988-01-01,中国航空综合技术研究所,有效,"本标准适用于水面战斗舰艇跟踪照射雷达的系泊和航行试验，是编制该项试验文件的基本依据。
					"
GJB 350.77-1987,https://www.rongrong.cn/good/97159.html,水面战斗舰艇系泊和航行试验规程  炮瞄雷达试验,1987-09-25,1988-01-01,中国航空综合技术研究所,有效,"本标准适用于水面战斗舰艇炮瞄雷达的系泊和航行试验，是编制该项试验文件的基本依据。
					"
GJB 1376.1-1992,https://www.rongrong.cn/good/97925.html,雷达跟踪分系统性能测试方法  机械扫描体制角跟踪性能,1992-07-18,1993-03-01,中国航空综合技术研究所,有效,"本标准规定了雷达跟踪分系统中机械扫描体制角跟踪主要性能指标的测试方法。
本标准适用于机械扫描跟踪雷达设计定型和生产定型时角跟踪主要性能的测试。批量生产时亦应参照使用。
					"
GJB 701.8-1989,https://www.rongrong.cn/good/95396.html,地面雷达情报处理和传递系统通用技术条件  物理接口和数据链路控制规程,1989-08-24,1989-12-31,中国航空综合技术研究所,有效,"本标准规定了地面雷达情报处理和传递系统物理接口和数据链路控制规程的统一准则。
本标准物理接口部分适用于雷达终端与传输分系统、系统内各分系统之间以及与其他系统之间进行信息传输的互连接口。
					"
GJB 9440-2018,https://www.rongrong.cn/good/196139.html,舰载雷达机柜用耐腐蚀电磁屏蔽漆规范,2018-03-27,2018-08-01,中国航空综合技术研究所,有效,"本规范规定了舰载雷达机柜用耐腐蚀电磁屏蔽漆的要求。
本规范适用于由脂肪族丙烯酸聚氨酯树脂、混合导电填料等组成的舰载雷达机柜用耐腐蚀电磁屏蔽漆（以下简称屏蔽漆）。
					"
GJB 7201-2011,https://www.rongrong.cn/good/87475.html,舰载无人机雷达对抗载荷自动测试设备通用规范,2011-01-20,2011-04-01,中国航空综合技术研究所,有效,"本规范规定了舰载无人机雷达对抗载荷自动测试设备的技术要求、质量保证规定、交货准备等。
本规范适用于舰载无人机雷达对抗载荷自动测试设备（以下简称载荷自动测试设备）的研制、生产和检验，是编制产品规范的基本依据。
					"
GJB 6730-2009,https://www.rongrong.cn/good/87816.html,地面分布式合成孔径雷达对抗系统干扰设备通用规范,2009-05-25,2009-08-01,中国航空综合技术研究所,有效,"本规范规定了地面分布式合成孔径雷达对抗系统干扰设备的技术要求、质量保证规定和交货准备等。
本规范适用于地面分布式合成孔径雷达对抗系统干扰设备（以下简称设备）的研制、生产和检验，是拟制设备产品规范的基本依据。
					"
GJB 8261-2015,https://www.rongrong.cn/good/91975.html,多普勒雷达伺服控制及天线座仿真器检定规程,2015-06-19,2015-10-01,中国航空综合技术研究所,有效,"本规程规定了多普勒雷达伺服控制及天线座仿真器的计量特性、通用技术要求、检定条件、检定项目、检定方法、检定结果的处理和检定周期。
本规程适用于新制造、使用中和修理后多普勒雷达伺服控制及天线座仿真器的检定。
					"
GJB 4030-2000,https://www.rongrong.cn/good/88061.html,军用雷达和电子对抗装备低压电源用模块规范,2000-04-24,2000-09-01,中国航空综合技术研究所,有效,"本规范规定了军用雷达和电子对抗装备低压电源用模块的划分、要求、质量保证规定和交货准备等。
本规范适用于军用地面、舰船雷达和电子对抗装备低压电源用模块（以下简称“电源模块”）的研制生产、验收和使用。
					"
GJB 2321-1995,https://www.rongrong.cn/good/91290.html,雷达天线罩用蜂窝夹层结构纤维增强塑料通用规范,1995-05-31,1995-12-01,中国航空综合技术研究所,有效,"本规范规定了雷达天线罩用蜂窝夹层结构纤维增强塑料的技术要求、质量保证规定、交货准备和说明事项。本规范适用于航天、航空、航海及地面雷达天线罩用蜂窝夹层结构纤维增强塑料。
					"
GJB 5289-2004,https://www.rongrong.cn/good/88185.html,军用测风雷达通用规范,2004-12-21,2005-05-01,中国航空综合技术研究所,有效,"本标准规定了鱼雷捷联惯导系统精度的试验内容和试验方法。   本标准适用于鱼雷捷联惯导系统的研制过程。生产过程可参照使用。
					"
GJB 3308-1998,https://www.rongrong.cn/good/88033.html,雷达馈线分系统性能测试方法　电压驻波比　损耗　额定功率　接收机端漏过功率　传输相位,1998-07-27,1999-01-01,中国航空综合技术研究所,有效,"本标准规定了雷达馈线分系统电压驻波比、损耗、额定功率、接收机端漏过功率、传输相位的测试方法。本标准适用于波导型、同轴型及其他混合型的雷达馈线分系统的性能测试。
					"
GJB 6850.227-2009,https://www.rongrong.cn/good/95311.html,水面舰船系泊和航行试验规程 第227部分：舰载直升机引导雷达试验,2009-12-22,2010-04-01,中国航空综合技术研究所,有效,"本部分规定了舰载直升机引导雷达系泊和航行试验的目的、准备、条件、项目和程序、数据录取和处理、结果评定及报告编写等内容。
本部分适用于配备直升机引导雷达的水面舰船。
					"
GJB 6093-2007,https://www.rongrong.cn/good/89099.html,弹道导弹电子攻防对抗系统雷达有源干扰对抗效果评定准则,2007-08-06,2007-11-01,中国航空综合技术研究所,有效,"本标准规定了弹道导弹弹头自卫性雷达有源干扰突防装置（以下简称干扰突防装置）与防御方反导雷达的电子攻防对抗中，攻击方干扰效果（或防御方抗干扰效果）的评定准则及应用。
本标准适用于干扰突防装置或反导雷达研制、鉴定（定型）试验时，对干扰（或抗干扰）效果的评定，也适用于论证、设计阶段进行预测性的干扰（或抗干扰）效果评定。
					"
GJB 8276-2015,https://www.rongrong.cn/good/87750.html,双偏振多普勒天气雷达标定方法,2015-06-19,2015-10-01,中国航空综合技术研究所,有效,"本标准规定了同发同收体制双偏振多普勒天气雷达主要参数的标定方法。
本标准适用于同发同收体制双偏振多普勒天气雷达（以下简称：雷达）生产和正常使用期间的标定。
					"
GJB 4979-2003,https://www.rongrong.cn/good/87420.html,军用雷达固态调制器与高压电源用模块规范,2003-07-21,2003-10-01,中国航空综合技术研究所,有效,"本规范规定了军用雷达固态调制器以及与调制相关的固态高压电源（以下简称高压电源）用模块的划分、要求、质量保证规定和交货准备。
本规范适用于军用雷达固态调制器与高压电源用模块的研制、生产和使用。
					"
GJB 3309-1998,https://www.rongrong.cn/good/87931.html,雷达信号产生和时间基准分系统性能测试方法　频率源主要性能,1998-07-27,1999-01-01,中国航空综合技术研究所,有效,"本标准规定了雷达频率源（以下简称频率源）主要性能的测试方法。本标准适用于设计定型、生产定型和成果鉴定时，雷达频率源（如频率综合器、电调振荡器和点频振荡源等）主要性能的测试。批量生产的频率源测试，亦应参照使用。
					"
GJB 4344-2002,https://www.rongrong.cn/good/88906.html,雷达识别数据库数据格式,2002-07-19,2002-12-01,中国航空综合技术研究所,有效,"本标准规定了雷达识别数据库所需的雷达特征参数数据和属性数据的格式，及其信息交换数据文件的格式。
本标准适用于陆、海、空军雷达对抗设备的论证、研制、验收和使用维修。与雷达对抗有关的数据库数据格式可参照使用。
					"
GJB 74.6-1985,https://www.rongrong.cn/good/95205.html,军用地面雷达通用技术条件  环境条件要求和试验方法,1985-12-18,1986-06-01,中国航空综合技术研究所,有效,"本标准规定了军用地面雷达整机的环境条件要求和试验方法。
本标准适用于产品设计定型鉴定试验、生产定型环境试验、批生产环境试验。其试验项目见附录A（补充件）。
本标准不包括一切环境要求与试验方法，产品标准（技术条件）还应根据需要列入一些其他环境或各种综合（组合）环境试验。
					"
GJB 1377.2-1996,https://www.rongrong.cn/good/97929.html,雷达天线控制和同步分系统性能测试方法  同步、捕获、扫描,1996-10-03,1997-05-01,中国航空综合技术研究所,有效,"本标准规定了雷达天线控制和同步分系统（以下简称天控分系统）同步、捕获、扫描性能指标测试方法。
本标准适用于天控分系统的性能测试。
					"
GJB 1377.1-1992,https://www.rongrong.cn/good/97928.html,雷达天线控制和同步分系统性能测试方法  天线控制性能,1992-07-18,1993-03-01,中国航空综合技术研究所,有效,"本标准规定了雷达天线控制和同步分系统（以下简称天控分系统）控制性能指标测试方法。
本标准适用于设计定型和生产定型时天控分系统的性能测试。批量生产时亦应参照使用。
					"
GJB 6850.81-2009,https://www.rongrong.cn/good/95343.html,水面舰船系泊和航行试验规程 第81部分：多功能相控阵雷达试验,2009-12-22,2010-04-01,中国航空综合技术研究所,有效,"本部分规定了多功能相控阵雷达系泊和航行试验的目的、准备、条件、项目和程序、数据录取和处理、结果评定及报告编写等内容。
本部分适用于驱逐舰和护卫舰。
					"
GJB 701.10-1989,https://www.rongrong.cn/good/95387.html,地面雷达情报处理和传递系统通用技术条件  系统可靠性考核方法,1989-08-24,1989-12-31,中国航空综合技术研究所,有效,"本标准规定了系统可靠性考核的范围、方法及要求。本标准适用于成套的可维修的地面雷达情报处理和传递系统，包括研制系统和已定型生产的系统。
					"
GJB 164.56-1986,https://www.rongrong.cn/good/97629.html,登陆舰艇系泊和航行试验规程  炮瞄雷达试验,1986-09-03,1987-03-01,中国航空综合技术研究所,有效,"本标准适用于登陆舰艇的炮瞄雷达系泊和航行试验。GJB164.1-86《登陆舰艇系泊和航行试验规程总则》的规定适用于本标准。
					"
GJB 86.5-1986,https://www.rongrong.cn/good/134916.html,机载火控雷达战术性能定型试验规程  试验阶段可靠性特征值统计,1986-01-23,1986-10-01,中国航空综合技术研究所,有效,"本标准规定了机载火控雷达战术性能试验阶段可靠性特征值的统计方法。其它机载电子
设备战术性能试验阶段可靠性特征值的统计也可参照本标准执行。
					"
GJB 6850.138-2009,https://www.rongrong.cn/good/95559.html,水面舰船系泊和航行试验规程 第138部分：导航雷达试验,2009-12-22,2010-04-01,中国航空综合技术研究所,有效,"本部分规定了导航雷达系泊和航行试验目的、准备、条件、项目和程序、数据记录和处理、试验结果评定和报告编写等内容。
本部分适用于水面舰船。
					"
GJB 5202.1-2004,https://www.rongrong.cn/good/96177.html,舰船电子对抗仿真试验系统试验方法  第1部分:舰船雷达对抗侦察设备,2004-09-20,2005-01-01,中国航空综合技术研究所,有效,"本部分规定了舰船雷达对抗侦察设备在舰船电子对抗仿真试验系统中进行仿真试验的基本要求、试验项目和试验方法。
本部分适用于舰船雷达对抗侦察设备（以下简称被试设备）定型（或鉴定）试验，研制试验可参照使用。
					"
GJB 889.3-1994,https://www.rongrong.cn/good/94508.html,雷达接收分系统性能测试方法  抗干扰改善因子、抗饱和因子、带外抑制度、三阶互调抑制度,1994-09-12,1995-04-01,中国航空综合技术研究所,有效,"本标准规定了雷达接收分系统中抗干扰改善因子、抗饱和因子、带外抑制度、三阶互调抑制度的测试方法。
本标准适用于雷达接收分系统抗干扰性能测试，供制订产品规范时引用。
					"
GJB 5202.4-2006,https://www.rongrong.cn/good/96179.html,舰船电子对抗仿真试验系统试验方法  第4部分：反舰导弹末制导雷达,2006-05-17,2006-10-01,中国航空综合技术研究所,有效,"本部分规定了反舰导弹末制导雷达在舰船电子对抗仿真试验系统中进行仿真试验的基本要求、试验项目和试验方法。
本部分适用于反舰导弹末制导雷达（以下称为被试设备）定型（鉴定）试验。研制性试验可参照使用。
					"
GJB 889.2-1993,https://www.rongrong.cn/good/94507.html,雷达接收分系统测试方法  动态范围、镜像频率抑制度、增益、带宽,1993-09-30,1994-06-01,中国航空综合技术研究所,有效,"本标准规定了雷达接收分系统（以下简称接收机）的动态范围、镜像频率抑制度、增益、带宽的定义和测试方法。
本标准适用于接收机动态范围、镜像频率抑制度、增益、带宽的测试和技术鉴定。
					"
GJB 1598-1993,https://www.rongrong.cn/good/89239.html,地面雷达天线罩用玻璃纤维增强塑料蜂窝夹层结构件规范,1993-03-08,1993-10-01,中国航空综合技术研究所,有效,"本规范规定了地面雷达天线罩用玻璃纤维增强塑料蜂窝夹层结构件的技术要求、质量保证规定、交货准备和说明事项。
本规范适用于各类地面雷达天线罩用玻璃纤维增强塑料蜂窝夹层结构件，也适用于车载、舰载各类雷达天线罩用玻璃纤维增强塑料蜂窝夹层结构件。
					"
GJB 2226.10-1994,https://www.rongrong.cn/good/97519.html,舰载雷达情报系统通用要求  检验规则,1994-12-13,1995-07-01,中国航空综合技术研究所,有效,"本标准规定了舰载霄达情报系统的检验规则。
本标准适用于舰载霄达情报系统（以下简称产品）的检验验收。
					"
GJB 2226.5-1994,https://www.rongrong.cn/good/97524.html,舰载雷达情报系统通用要求  设计制造要求,1994-12-13,1995-07-01,中国航空综合技术研究所,废止,"本标准规定了舰载霄达情报系统的研制、设计制造的基本要求。
本标准适用于各类舰载霄达情报系统（以下简称系统）。
					"
GJB 5090-2002K,https://www.rongrong.cn/good/135331.html,军用雷达术语,2002-11-18,2003-02-01,中国航空综合技术研究所,废止,"
					"
GJBz 20064-1992,https://www.rongrong.cn/good/87086.html,舰载雷达通用规范,1992-02-03,1992-06-01,中国航空综合技术研究所,废止,"
					"
GJBz 20194-1993,https://www.rongrong.cn/good/103342.html,军用雷达操作规程通用要求,1993-12-17,1994-05-01,中国航空综合技术研究所,有效,"
					"
GJB 2137-1994,https://www.rongrong.cn/good/97473.html,机载雷达通用要求（系列）1994版, , ,中国航空综合技术研究所,有效,"
					"
GJBz 20447-1997,https://www.rongrong.cn/good/89038.html,军用雷达随机备件概算规范,1997-09-09,1998-03-01,中国航空综合技术研究所,废止,"
					"
GJB 1668-1993,https://www.rongrong.cn/good/93583.html,雷达用校准气球规范,1993-09-30,1994-06-01,中国航空综合技术研究所,有效,"本规范规定了校准气球的技术要求、质量保证规定及交货准备等要求。
本规范适用于天然胶乳制造的校准气球。
					"
GJBz 20258-1995,https://www.rongrong.cn/good/93246.html,对空情报雷达电站选配规范,1995-04-12,1995-10-01,中国航空综合技术研究所,废止,"
					"
GJBz 20461-1997,https://www.rongrong.cn/good/88524.html,地面雷达保障性要求,1997-11-07,1998-04-01,中国航空综合技术研究所,有效,"
					"
GJB 74.8-1985,https://www.rongrong.cn/good/95207.html,军用地面雷达通用技术条件  对空情报雷达检飞规范,1985-12-18,1986-06-01,中国航空综合技术研究所,有效,"0.0
					"
GJBz 20466-1997,https://www.rongrong.cn/good/93737.html,地面通用雷达检测设备技术要求,1997-10-31,1998-05-01,中国航空综合技术研究所,有效,"
					"
GJBz 20142-1993,https://www.rongrong.cn/good/93244.html,通用雷达、指挥仪及配套电站待修品分级条件,1993-01-29,1993-08-01,中国航空综合技术研究所,有效,"
					"
GJB 90.1-1986,https://www.rongrong.cn/good/94510.html,三厘米雷达频率捷变系统系列,1986-01-25,1986-10-01,中国航空综合技术研究所,废止,"0.0
					"
GJB 1345-1992,https://www.rongrong.cn/good/93563.html,通用雷达、指挥仪及配套电站报废条件,1992-06-13,1992-10-01,中国航空综合技术研究所,有效,"
					"
GJB 1904,https://www.rongrong.cn/good/97407.html,雷达终端分系统性能测试方法（系列）, , ,中国航空综合技术研究所,有效,"
					"
GJB 3261-1998,https://www.rongrong.cn/good/87252.html,军用雷达敌我识别器通用规范,1998-03-16,1998-09-01,中国航空综合技术研究所,有效,"0.0
					"
GJBz 20028-1990,https://www.rongrong.cn/good/88816.html,舰载搜索雷达设计定型试验规程,1990-08-15,1991-03-01,中国航空综合技术研究所,有效,"
					"
GJB 74A-1998(XG1-2004),https://www.rongrong.cn/good/507540.html,军用地面雷达通用规范 修改单1-2004,2004-03-10,2004-07-01,中国航空综合技术研究所,有效,"0.0
					"
GJB 1770-1993,https://www.rongrong.cn/good/97686.html,对空情报雷达维修性（系列）1993版, , ,中国航空综合技术研究所,有效,"
					"
GJB 1376,https://www.rongrong.cn/good/97924.html,雷达跟踪分系统性能测试方法（系列）, , ,中国航空综合技术研究所,有效,"
					"
GJB 74.9-1985,https://www.rongrong.cn/good/95208.html,军用地面雷达通用技术条件  验收规则,1985-12-18,1986-06-01,中国航空综合技术研究所,有效,"0.0
					"
GJBz 20380-1997,https://www.rongrong.cn/good/88678.html,地空导弹制导雷达检验验收规程,1997-01-23,1997-08-01,中国航空综合技术研究所,有效,"
					"
GJB 2226-1994,https://www.rongrong.cn/good/97518.html,舰载雷达情报系统通用要求（系列）1994版, , ,中国航空综合技术研究所,有效,"
					"
GJBz 20462-1997,https://www.rongrong.cn/good/89864.html,舰载雷达装备论证规范,1997-11-07,1998-04-01,中国航空综合技术研究所,有效,"
					"
GJB 363A-2002,https://www.rongrong.cn/good/87564.html,雷达对抗无源干扰物  箔条通用规范,2002-07-19,2002-12-01,中国航空综合技术研究所,有效,"本规范规定了箔条的分类、命名规则、基本要求、质量保证规定、交货准备等内容。
本规范适用于箔条的设计、生产和验收，是制定产品规范的基本依据。
					"
GJBz 20477-1997,https://www.rongrong.cn/good/88328.html,地面雷达情报处理和传递系统保障性要求,1997-12-09,1998-05-01,中国航空综合技术研究所,废止,"
					"
GJB 5091-2002K,https://www.rongrong.cn/good/135332.html,雷达杂波散射测量要求,2002-11-18,2003-02-01,中国航空综合技术研究所,废止,"
					"
GJBz 20127.4-1993,https://www.rongrong.cn/good/103176.html,假目标设计定型试验规程  雷达模拟效果试验,1993-01-29,1993-08-01,中国航空综合技术研究所,有效,"
					"
GJBz 20227-1994,https://www.rongrong.cn/good/90480.html,舰载雷达对抗系统验收规则,1994-08-02,1995-01-01,中国航空综合技术研究所,废止,"
					"
GJBz 20193-1993,https://www.rongrong.cn/good/90748.html,军用地面雷达装备论证规范,1993-12-17,1994-05-01,中国航空综合技术研究所,有效,"
					"
GJB 74.2-1985,https://www.rongrong.cn/good/95201.html,军用地面雷达通用技术条件  常用名词术语,1985-12-18,1986-06-01,中国航空综合技术研究所,有效,"0.0
					"
GJB 5135-2004,https://www.rongrong.cn/good/87515.html,地面雷达试验场建设标准,2004-05-08,2004-08-01,中国航空综合技术研究所,有效,"
					"
GJBz 20066-1992,https://www.rongrong.cn/good/86742.html,岸舰导弹末制导雷达规范,1992-02-03,1992-06-01,中国航空综合技术研究所,有效,"
					"
GJB 1299-1991(XG1-2015),https://www.rongrong.cn/good/195083.html,炮瞄雷达定型试验方法 修改单1－2015,2015-12-19,2016-03-01,中国航空综合技术研究所,有效,"0.0
					"
GJB 2644A-2004K,https://www.rongrong.cn/good/506874.html,面空导弹雷达导引头通用规范,2004-09-01,2004-12-01,中国航空综合技术研究所,废止,"
					"
GJB 74.4-1985,https://www.rongrong.cn/good/95203.html,军用地面雷达通用技术条件  技术条件项目格式,1985-12-18,1986-06-01,中国航空综合技术研究所,有效,"0.0
					"
GJBz 20149-1993,https://www.rongrong.cn/good/88675.html,雷达对抗无源干扰物箔条通用规范,1993-01-29,1993-08-01,中国航空综合技术研究所,有效,"
					"
GJBz 20068-1992,https://www.rongrong.cn/good/87291.html,舰载雷达对抗系统通用规范,1992-02-03,1992-06-01,中国航空综合技术研究所,有效,"
					"
GJBz 20071-1992,https://www.rongrong.cn/good/86918.html,舰（岸）用雷达敌我识别器系统通用规范,1992-02-03,1992-06-01,中国航空综合技术研究所,废止,"
					"
GJBz 20395-1997,https://www.rongrong.cn/good/89862.html,地面雷达情报处理和传递系统论证规范,1997-03-04,1997-09-01,中国航空综合技术研究所,有效,"
					"
GJB 5022-2001K,https://www.rongrong.cn/good/135265.html,室内场缩比目标雷达散射截面测试方法,2001-11-23,2002-03-01,中国航空综合技术研究所,废止,"
					"
GJB 1377,https://www.rongrong.cn/good/97927.html,雷达天线控制和同步分系统性能测试方法（系列）, , ,中国航空综合技术研究所,有效,"
					"
GJB 74.5-1985,https://www.rongrong.cn/good/95204.html,军用地面雷达通用技术条件  设计制造要求,1985-12-18,1986-06-01,中国航空综合技术研究所,有效,"0.0
					"
GJB 74.3-1985,https://www.rongrong.cn/good/95202.html,军用地面雷达通用技术条件  战术技术要求项目格式,1985-12-18,1986-06-01,中国航空综合技术研究所,有效,"0.0
					"
GJBz 20256-1995,https://www.rongrong.cn/good/92897.html,对空情报雷达情报处理系统维护规程,1995-04-12,1995-10-01,中国航空综合技术研究所,废止,"
					"
GJBz 20254-1995,https://www.rongrong.cn/good/92896.html,对空情报雷达研制合同规范,1995-04-12,1995-10-01,中国航空综合技术研究所,废止,"
					"
GJB 3262-1998,https://www.rongrong.cn/good/103460.html,雷达天线分系统性能测试方法  增益,1998-03-16,1998-09-01,中国航空综合技术研究所,有效,"0.0
					"
GJBz 20291.5-1995,https://www.rongrong.cn/good/94444.html,海军导弹装备质量监控要求 末制导雷达测试设备,1995-09-07,1996-03-01,中国航空综合技术研究所,有效,"
					"
GJB 1275-1991,https://www.rongrong.cn/good/93268.html,通用雷达、指挥仪及其配套电站完好状态评定技术条件,1991-11-08,1992-03-01,中国航空综合技术研究所,有效,"
					"
GJB 90.2-1986,https://www.rongrong.cn/good/94511.html,三厘米雷达频率捷变系统通用技术要求,1986-01-25,1986-10-01,中国航空综合技术研究所,废止,"0.0
					"
GJBz 20255-1995,https://www.rongrong.cn/good/91493.html,对空情报雷达情报处理系统考核测试规范,1995-04-12,1995-10-01,中国航空综合技术研究所,废止,"
					"
GJB 74.7-1985,https://www.rongrong.cn/good/95206.html,军用地面雷达通用技术条件  可靠性试验方法,1985-12-18,1986-06-01,中国航空综合技术研究所,有效,"0.0
					"
GJB 74.14-1988,https://www.rongrong.cn/good/95200.html,军用地面雷达通用技术条件  标志  包装  运输  贮存,1988-02-13,1988-06-01,中国航空综合技术研究所,有效,"0.0
					"
GJB 90.3-1986,https://www.rongrong.cn/good/94512.html,三厘米雷达频率捷变系统主要参数的测量方法,1986-01-25,1986-10-01,中国航空综合技术研究所,废止,"0.0
					"
GJB 5401-2005K,https://www.rongrong.cn/good/134603.html,舰载雷达密闭式电子机柜专用空调机组规范,2005-04-11,2005-07-01,中国航空综合技术研究所,废止,"
					"
GJB 6539-2008(XG1-2015),https://www.rongrong.cn/good/194982.html,对空情报雷达战时抢修技术要求 修改单1－2015,2015-12-19,2016-03-01,中国航空综合技术研究所,有效,"0.0
					"
